-13.93,-6.91,15.62
-13.93,-6.91,15.62
-13.93,-6.91,15.62
-13.93,-6.91,15.62
-20.41,-6.68,21.57
-20.56,0,20.56
-20.56,0,20.56
-13.93,-6.91,15.62
-13.93,-6.91,15.62
-20.41,-6.68,21.57
-20.41,-6.68,21.57
-20.41,-6.68,21.57
-20.41,-6.68,21.57
-20.41,-6.68,21.57
-20.41,-6.68,21.57
-20.41,-6.68,21.57
-20.41,-6.68,21.57
-22.99,-7.48,24.31
-22.99,-7.48,24.31
-22.99,-7.48,24.31
-22.99,-7.48,24.31
-22.4,-14.71,27.25
-22.4,-14.71,27.25
-22.4,-14.71,27.25
-22.4,-14.71,27.25
-22.4,-14.71,27.25
-22.4,-14.71,27.25
-22.4,-14.71,27.25
-22.4,-14.71,27.25
-21.5,-21.5,31.22
-13.17,-19.99,24.26
-13.17,-19.99,24.26
-19.35,-19.35,27.94
-21.5,-21.5,31.22
-21.5,-21.5,31.22
-21.5,-21.5,31.22
-21.5,-21.5,31.22
-21.5,-21.5,31.22
-21.5,-21.5,31.22
-21.5,-21.5,31.22
-21.5,-21.5,31.22
-21.5,-21.5,31.22
-20.41,-27.71,35.54
-20.41,-27.71,35.54
-20.41,-27.71,35.54
-13.93,-28.79,32.57
-14.71,-22.4,27.25
-13.17,-19.99,24.26
-13.17,-19.99,24.26
-19.35,-19.35,27.94
-21.5,-21.5,31.22
-21.5,-21.5,31.22
-21.5,-21.5,31.22
-15.36,-15.36,22
-13.63,-13.63,19.47
-6.19,-12.45,13.95
-12.45,-6.19,13.95
-20.56,0,20.56
-29.74,0,29.74
-33.69,0,33.69
-29.74,0,29.74
-22.99,-7.48,24.31
-20.41,-6.68,21.57
-20.41,-6.68,21.57
-29.5,-7.07,30.5
-29.5,-7.07,30.5
-29.74,0,29.74
-35.26,-6.63,36.07
-33.33,-7.9,34.5
-29.5,-7.07,30.5
-29.5,-7.07,30.5
-29.5,-7.07,30.5
-29.5,-7.07,30.5
-29.5,-7.07,30.5
-35.26,-6.63,36.07
-35.26,-6.63,36.07
-35.26,-6.63,36.07
-35.26,-6.63,36.07
-29.5,-7.07,30.5
-29.74,0,29.74
-29.74,0,29.74
-29.74,0,29.74
-29.74,0,29.74
-29.74,0,29.74
-29.74,0,29.74
-29.74,0,29.74
-29.74,0,29.74
-29.74,0,29.74
-29.74,0,29.74
-20.56,0,20.56
-20.56,0,20.56
-26.57,0,26.57
-29.74,0,29.74
-20.41,-6.68,21.57
-20.41,-6.68,21.57
-20.41,-6.68,21.57
-20.41,-6.68,21.57
-20.41,-6.68,21.57
-20.41,-6.68,21.57
-20.41,-6.68,21.57
-20.41,-6.68,21.57
-20.41,-6.68,21.57
-22.99,-7.48,24.31
-28.79,-13.93,32.57
-22.4,-14.71,27.25
-22.4,-14.71,27.25
-22.4,-14.71,27.25
-19.99,-13.17,24.26
-19.99,-13.17,24.26
-19.99,-13.17,24.26
-21.5,-21.5,31.22
-21.5,-21.5,31.22
-21.5,-21.5,31.22
-21.5,-21.5,31.22
-21.5,-21.5,31.22
-21.5,-21.5,31.22
-27.71,-20.41,35.54
-21.5,-21.5,31.22
-21.5,-21.5,31.22
-21.5,-21.5,31.22
-21.5,-21.5,31.22
-21.5,-21.5,31.22
-21.5,-21.5,31.22
-21.5,-21.5,31.22
-21.5,-21.5,31.22
-21.5,-21.5,31.22
-21.5,-21.5,31.22
-21.5,-21.5,31.22
-20.41,-27.71,35.54
-20.41,-27.71,35.54
-20.41,-27.71,35.54
-21.5,-21.5,31.22
-21.5,-21.5,31.22
-21.5,-21.5,31.22
-21.5,-21.5,31.22
-27.71,-20.41,35.54
-27.71,-20.41,35.54
-27.71,-20.41,35.54
-21.5,-21.5,31.22
-13.63,-13.63,19.47
-19.99,-13.17,24.26
-20.41,-6.68,21.57
-29.5,-7.07,30.5
-29.5,-7.07,30.5
-29.5,-7.07,30.5
-29.5,-7.07,30.5
-28.79,-13.93,32.57
-29.5,-7.07,30.5
-29.5,-7.07,30.5
-29.5,-7.07,30.5
-29.5,-7.07,30.5
-29.5,-7.07,30.5
-29.5,-7.07,30.5
-29.5,-7.07,30.5
-29.5,-7.07,30.5
-29.5,-7.07,30.5
-29.74,0,29.74
-29.74,0,29.74
-29.74,0,29.74
-35.54,0,35.54
-35.54,0,35.54
-39.81,0,39.81
-39.81,0,39.81
-29.74,0,29.74
-29.74,0,29.74
-29.74,0,29.74
-29.74,0,29.74
-29.74,0,29.74
-29.74,0,29.74
-29.5,-7.07,30.5
-29.5,-7.07,30.5
-29.5,-7.07,30.5
-29.5,-7.07,30.5
-29.5,-7.07,30.5
-29.5,-7.07,30.5
-29.5,-7.07,30.5
-29.5,-7.07,30.5
-29.5,-7.07,30.5
-29.5,-7.07,30.5
-29.5,-7.07,30.5
-29.5,-7.07,30.5
-29.5,-7.07,30.5
-29.5,-7.07,30.5
-29.5,-7.07,30.5
-20.41,-6.68,21.57
-20.41,-6.68,21.57
-20.41,-6.68,21.57
-26.39,-6.38,27.27
-28.79,-13.93,32.57
-28.79,-13.93,32.57
-22.4,-14.71,27.25
-22.4,-14.71,27.25
-22.4,-14.71,27.25
-19.99,-13.17,24.26
-19.99,-13.17,24.26
-19.35,-19.35,27.94
-21.5,-21.5,31.22
-22.4,-14.71,27.25
-19.35,-19.35,27.94
-19.35,-19.35,27.94
-21.5,-21.5,31.22
-21.5,-21.5,31.22
-21.5,-21.5,31.22
-21.5,-21.5,31.22
-21.5,-21.5,31.22
-21.5,-21.5,31.22
-21.5,-21.5,31.22
-21.5,-21.5,31.22
-21.5,-21.5,31.22
-21.5,-21.5,31.22
-21.5,-21.5,31.22
-14.71,-22.4,27.25
-14.71,-22.4,27.25
-13.17,-19.99,24.26
-14.71,-22.4,27.25
-21.5,-21.5,31.22
-21.5,-21.5,31.22
-20.41,-27.71,35.54
-14.71,-22.4,27.25
-13.17,-19.99,24.26
-13.17,-19.99,24.26
-13.63,-13.63,19.47
-22.4,-14.71,27.25
-22.4,-14.71,27.25
-22.4,-14.71,27.25
-13.63,-13.63,19.47
-13.17,-19.99,24.26
-13.17,-19.99,24.26
-19.99,-13.17,24.26
-29.5,-7.07,30.5
-33.69,0,33.69
-33.69,0,33.69
-29.5,-7.07,30.5
-22.4,-14.71,27.25
-20.41,-6.68,21.57
-20.41,-6.68,21.57
-20.41,-6.68,21.57
-20.41,-6.68,21.57
-20.41,-6.68,21.57
-20.41,-6.68,21.57
-20.41,-6.68,21.57
-20.41,-6.68,21.57
-20.41,-6.68,21.57
-20.41,-6.68,21.57
-29.74,0,29.74
-29.74,0,29.74
-29.74,0,29.74
-26.57,0,26.57
-26.57,0,26.57
-29.74,0,29.74
-29.74,0,29.74
-29.74,0,29.74
-29.74,0,29.74
-29.74,0,29.74
-29.74,0,29.74
-29.74,0,29.74
-29.74,0,29.74
-29.74,0,29.74
-29.74,0,29.74
-29.74,0,29.74
-29.74,0,29.74
-29.74,0,29.74
-29.74,0,29.74
-29.74,0,29.74
-29.74,0,29.74
-29.74,0,29.74
-29.74,0,29.74
-29.74,0,29.74
-20.56,0,20.56
-20.56,0,20.56
-20.56,0,20.56
-20.56,0,20.56
-20.56,0,20.56
-20.56,0,20.56
-20.41,-6.68,21.57
-20.56,0,20.56
-13.93,-6.91,15.62
-20.41,-6.68,21.57
-20.41,-6.68,21.57
-20.41,-6.68,21.57
-20.41,-6.68,21.57
-20.41,-6.68,21.57
-20.41,-6.68,21.57
-20.41,-6.68,21.57
-13.93,-6.91,15.62
-19.99,-13.17,24.26
-19.99,-13.17,24.26
-22.4,-14.71,27.25
-22.99,-7.48,24.31
-22.4,-14.71,27.25
-22.4,-14.71,27.25
-15.36,-15.36,22
-6.91,-13.93,15.62
-6.91,-13.93,15.62
-12.24,-12.24,17.45
-11.9,-18.02,21.83
-13.63,-13.63,19.47
-13.63,-13.63,19.47
-13.63,-13.63,19.47
-13.17,-19.99,24.26
-13.17,-19.99,24.26
-13.17,-19.99,24.26
-13.63,-13.63,19.47
-13.63,-13.63,19.47
-13.17,-19.99,24.26
-13.17,-19.99,24.26
-13.17,-19.99,24.26
-13.17,-19.99,24.26
-6.02,-18.33,19.36
-13.63,-13.63,19.47
-13.63,-13.63,19.47
-22.99,-7.48,24.31
-20.41,-6.68,21.57
-20.41,-6.68,21.57
-13.63,-13.63,19.47
-13.63,-13.63,19.47
-13.93,-6.91,15.62
-22.99,-7.48,24.31
-23.2,0,23.2
-23.2,0,23.2
-23.2,0,23.2
-22.99,-7.48,24.31
-20.41,-6.68,21.57
-20.41,-6.68,21.57
-22.99,-7.48,24.31
-22.99,-7.48,24.31
-23.2,0,23.2
-23.2,0,23.2
-23.2,0,23.2
-23.2,0,23.2
-29.74,0,29.74
-29.74,0,29.74
-29.74,0,29.74
-29.74,0,29.74
-29.74,0,29.74
-29.74,0,29.74
-29.74,0,29.74
-29.74,0,29.74
-26.57,0,26.57
-29.74,0,29.74
-29.74,0,29.74
-29.74,0,29.74
-29.74,0,29.74
-29.74,0,29.74
-29.74,0,29.74
-29.74,0,29.74
-29.74,0,29.74
-29.74,0,29.74
-23.2,0,23.2
-20.56,0,20.56
-20.56,0,20.56
-20.56,0,20.56
-20.56,0,20.56
-20.56,0,20.56
-20.56,0,20.56
-20.56,0,20.56
-20.56,0,20.56
-20.56,0,20.56
-20.56,0,20.56
-20.56,0,20.56
-20.56,0,20.56
-20.56,0,20.56
-20.41,-6.68,21.57
-20.41,-6.68,21.57
-13.93,-6.91,15.62
-20.41,-6.68,21.57
-20.41,-6.68,21.57
-20.41,-6.68,21.57
-20.41,-6.68,21.57
-13.93,-6.91,15.62
-13.93,-6.91,15.62
-13.93,-6.91,15.62
-13.93,-6.91,15.62
-13.93,-6.91,15.62
-13.93,-6.91,15.62
-13.93,-6.91,15.62
-13.93,-6.91,15.62
-13.63,-13.63,19.47
-13.63,-13.63,19.47
-13.63,-13.63,19.47
-13.63,-13.63,19.47
-13.17,-19.99,24.26
-6.68,-20.41,21.57
-6.91,-13.93,15.62
-6.68,-20.41,21.57
-6.68,-20.41,21.57
-6.68,-20.41,21.57
-6.68,-20.41,21.57
-6.68,-20.41,21.57
-6.68,-20.41,21.57
-6.68,-20.41,21.57
-13.17,-19.99,24.26
-13.63,-13.63,19.47
-13.63,-13.63,19.47
-13.93,-6.91,15.62
-15.79,-7.82,17.72
-22.99,-7.48,24.31
-22.99,-7.48,24.31
-22.4,-14.71,27.25
-15.36,-15.36,22
-15.79,-7.82,17.72
-13.93,-6.91,15.62
-14.04,0,14.04
-20.56,0,20.56
-23.2,0,23.2
-23.2,0,23.2
-29.74,0,29.74
-29.74,0,29.74
-26.57,0,26.57
-26.57,0,26.57
-26.57,0,26.57
-29.74,0,29.74
-29.74,0,29.74
-29.74,0,29.74
-29.74,0,29.74
-29.74,0,29.74
-29.74,0,29.74
-29.74,0,29.74
-29.74,0,29.74
-33.69,0,33.69
-23.2,0,23.2
-23.2,0,23.2
-29.74,0,29.74
-23.2,0,23.2
-23.2,0,23.2
-20.56,0,20.56
-20.56,0,20.56
-20.56,0,20.56
-20.56,0,20.56
-18.33,-6.02,19.36
-18.33,-6.02,19.36
-18.33,-6.02,19.36
-18.43,0,18.43
-23.96,0,23.96
-18.33,-6.02,19.36
-18.33,-6.02,19.36
-18.43,0,18.43
-20.56,0,20.56
-23.2,0,23.2
-23.2,0,23.2
-26.57,0,26.57
-26.25,-8.48,27.79
-18.43,0,18.43
-26.57,0,26.57
-23.2,0,23.2
-22.99,-7.48,24.31
-22.99,-7.48,24.31
-22.99,-7.48,24.31
-20.41,-6.68,21.57
-13.93,-6.91,15.62
-13.93,-6.91,15.62
-13.63,-13.63,19.47
-13.63,-13.63,19.47
-13.63,-13.63,19.47
-13.63,-13.63,19.47
-13.63,-13.63,19.47
-13.63,-13.63,19.47
-13.63,-13.63,19.47
-13.63,-13.63,19.47
-13.63,-13.63,19.47
-19.99,-13.17,24.26
-22.4,-14.71,27.25
-22.4,-14.71,27.25
-22.4,-14.71,27.25
-13.63,-13.63,19.47
-13.63,-13.63,19.47
-13.63,-13.63,19.47
-13.63,-13.63,19.47
-13.63,-13.63,19.47
-20.41,-6.68,21.57
-20.41,-6.68,21.57
-20.41,-6.68,21.57
-13.93,-6.91,15.62
-12.45,-6.19,13.95
-12.45,-6.19,13.95
-14.04,0,14.04
-20.56,0,20.56
-23.2,0,23.2
-29.74,0,29.74
-29.74,0,29.74
-29.74,0,29.74
-20.56,0,20.56
-20.56,0,20.56
-26.57,0,26.57
-29.74,0,29.74
-29.74,0,29.74
-29.74,0,29.74
-29.74,0,29.74
-29.74,0,29.74
-29.74,0,29.74
-29.74,0,29.74
-29.74,0,29.74
-29.74,0,29.74
-29.74,0,29.74
-29.74,0,29.74
-29.5,7.07,30.5
-29.5,7.07,30.5
-29.5,7.07,30.5
-29.5,7.07,30.5
-33.33,7.9,34.5
-33.33,7.9,34.5
-33.33,7.9,34.5
-29.5,7.07,30.5
-29.5,7.07,30.5
-35.26,6.63,36.07
-35.26,6.63,36.07
-29.5,7.07,30.5
-29.74,0,29.74
-26.39,6.38,27.27
-26.39,6.38,27.27
-26.39,6.38,27.27
-29.5,7.07,30.5
-29.5,7.07,30.5
-29.5,7.07,30.5
-29.5,7.07,30.5
-29.5,7.07,30.5
-29.5,7.07,30.5
-29.5,7.07,30.5
-29.5,7.07,30.5
-29.5,7.07,30.5
-29.5,7.07,30.5
-29.5,7.07,30.5
-29.74,0,29.74
-29.74,0,29.74
-29.74,0,29.74
-26.57,0,26.57
-29.74,0,29.74
-29.74,0,29.74
-29.74,0,29.74
-29.74,0,29.74
-23.2,0,23.2
-23.2,0,23.2
-20.41,-6.68,21.57
-19.99,-13.17,24.26
-19.99,-13.17,24.26
-22.4,-14.71,27.25
-22.4,-14.71,27.25
-22.4,-14.71,27.25
-19.99,-13.17,24.26
-19.99,-13.17,24.26
-19.99,-13.17,24.26
-22.4,-14.71,27.25
-28.79,-13.93,32.57
-22.4,-14.71,27.25
-21.5,-21.5,31.22
-21.5,-21.5,31.22
-21.5,-21.5,31.22
-22.4,-14.71,27.25
-22.4,-14.71,27.25
-22.4,-14.71,27.25
-22.4,-14.71,27.25
-22.4,-14.71,27.25
-22.4,-14.71,27.25
-22.4,-14.71,27.25
-19.99,-13.17,24.26
-19.99,-13.17,24.26
-19.99,-13.17,24.26
-19.99,-13.17,24.26
-19.99,-13.17,24.26
-28.79,-13.93,32.57
-27.71,-20.41,35.54
-28.79,-13.93,32.57
-22.4,-14.71,27.25
-22.99,-7.48,24.31
-23.2,0,23.2
-29.74,0,29.74
-29.74,0,29.74
-39.81,0,39.81
-39.81,0,39.81
-39.81,0,39.81
-29.74,0,29.74
-29.74,0,29.74
-39.81,0,39.81
-39.81,0,39.81
-39.81,0,39.81
-35.54,0,35.54
-35.54,0,35.54
-35.54,0,35.54
-35.54,0,35.54
-35.54,0,35.54
-35.54,0,35.54
-35.26,6.63,36.07
-39.42,7.3,40.36
-39.42,7.3,40.36
-39.42,7.3,40.36
-39.42,7.3,40.36
-39.42,7.3,40.36
-39.81,0,39.81
-39.81,0,39.81
-39.42,7.3,40.36
-39.42,7.3,40.36
-35.26,6.63,36.07
-29.5,7.07,30.5
-29.74,0,29.74
-29.74,0,29.74
-35.26,6.63,36.07
-35.26,6.63,36.07
-35.26,6.63,36.07
-35.26,6.63,36.07
-29.5,7.07,30.5
-29.74,0,29.74
-29.74,0,29.74
-33.69,0,33.69
-39.81,0,39.81
-39.81,0,39.81
-33.69,0,33.69
-29.74,0,29.74
-26.57,0,26.57
-26.57,0,26.57
-26.39,-6.38,27.27
-26.39,-6.38,27.27
-26.39,-6.38,27.27
-20.41,-6.68,21.57
-20.41,-6.68,21.57
-20.41,-6.68,21.57
-19.99,-13.17,24.26
-22.4,-14.71,27.25
-28.79,-13.93,32.57
-28.79,-13.93,32.57
-32.31,-15.5,36.7
-33.33,-7.9,34.5
-25.38,-16.6,31
-22.4,-14.71,27.25
-14.71,-22.4,27.25
-13.17,-19.99,24.26
-13.63,-13.63,19.47
-13.63,-13.63,19.47
-13.17,-19.99,24.26
-13.17,-19.99,24.26
-6.02,-18.33,19.36
-6.02,-18.33,19.36
-6.02,-18.33,19.36
-6.19,-12.45,13.95
-12.24,-12.24,17.45
-13.63,-13.63,19.47
-13.63,-13.63,19.47
-13.17,-19.99,24.26
-13.17,-19.99,24.26
-13.17,-19.99,24.26
-13.63,-13.63,19.47
-13.63,-13.63,19.47
-13.63,-13.63,19.47
-19.99,-13.17,24.26
-19.99,-13.17,24.26
-22.99,-7.48,24.31
-22.99,-7.48,24.31
-22.99,-7.48,24.31
-22.99,-7.48,24.31
-23.2,0,23.2
-23.2,0,23.2
-20.56,0,20.56
-26.57,0,26.57
-26.57,0,26.57
-29.74,0,29.74
-29.5,-7.07,30.5
-29.5,-7.07,30.5
-29.5,-7.07,30.5
-20.41,-6.68,21.57
-20.41,-6.68,21.57
-20.56,0,20.56
-26.57,0,26.57
-29.74,0,29.74
-29.74,0,29.74
-29.74,0,29.74
-29.74,0,29.74
-29.74,0,29.74
-29.74,0,29.74
-29.74,0,29.74
-29.74,0,29.74
-29.74,0,29.74
-29.74,0,29.74
-29.74,0,29.74
-29.74,0,29.74
-29.74,0,29.74
-29.74,0,29.74
-26.57,0,26.57
-26.57,0,26.57
-26.57,0,26.57
-20.56,0,20.56
-20.56,0,20.56
-20.56,0,20.56
-20.56,0,20.56
-26.57,0,26.57
-26.57,0,26.57
-26.57,0,26.57
-20.56,0,20.56
-20.56,0,20.56
-20.56,0,20.56
-26.57,0,26.57
-29.74,0,29.74
-29.74,0,29.74
-29.74,0,29.74
-29.74,0,29.74
-23.2,0,23.2
-23.2,0,23.2
-23.2,0,23.2
-13.93,-6.91,15.62
-13.93,-6.91,15.62
-13.63,-13.63,19.47
-19.99,-13.17,24.26
-19.99,-13.17,24.26
-19.99,-13.17,24.26
-19.99,-13.17,24.26
-19.99,-13.17,24.26
-19.35,-19.35,27.94
-21.5,-21.5,31.22
-22.4,-14.71,27.25
-22.4,-14.71,27.25
-21.5,-21.5,31.22
-21.5,-21.5,31.22
-21.5,-21.5,31.22
-13.17,-19.99,24.26
-13.17,-19.99,24.26
-13.17,-19.99,24.26
-13.17,-19.99,24.26
-13.17,-19.99,24.26
-13.17,-19.99,24.26
-13.17,-19.99,24.26
-13.17,-19.99,24.26
-13.17,-19.99,24.26
-13.17,-19.99,24.26
-13.17,-19.99,24.26
-19.35,-19.35,27.94
-19.35,-19.35,27.94
-21.5,-21.5,31.22
-21.5,-21.5,31.22
-22.4,-14.71,27.25
-22.4,-14.71,27.25
-22.4,-14.71,27.25
-19.99,-13.17,24.26
-22.4,-14.71,27.25
-29.5,-7.07,30.5
-29.5,-7.07,30.5
-29.5,-7.07,30.5
-22.99,-7.48,24.31
-22.99,-7.48,24.31
-19.99,-13.17,24.26
-19.99,-13.17,24.26
-20.41,-6.68,21.57
-29.5,-7.07,30.5
-29.5,-7.07,30.5
-29.5,-7.07,30.5
-22.99,-7.48,24.31
-20.41,-6.68,21.57
-20.41,-6.68,21.57
-20.41,-6.68,21.57
-26.39,-6.38,27.27
-26.39,-6.38,27.27
-29.5,-7.07,30.5
-26.39,-6.38,27.27
-20.41,-6.68,21.57
-20.41,-6.68,21.57
-26.57,0,26.57
-26.57,0,26.57
-29.74,0,29.74
-29.74,0,29.74
-29.74,0,29.74
-29.74,0,29.74
-29.74,0,29.74
-29.74,0,29.74
-29.74,0,29.74
-29.74,0,29.74
-29.74,0,29.74
-29.74,0,29.74
-29.5,7.07,30.5
-29.5,7.07,30.5
-29.5,7.07,30.5
-29.5,7.07,30.5
-29.5,7.07,30.5
-29.5,7.07,30.5
-29.5,7.07,30.5
-29.5,7.07,30.5
-29.5,7.07,30.5
-29.5,7.07,30.5
-29.74,0,29.74
-26.57,0,26.57
-20.56,0,20.56
-20.56,0,20.56
-20.56,0,20.56
-26.57,0,26.57
-26.57,0,26.57
-29.74,0,29.74
-29.74,0,29.74
-20.41,-6.68,21.57
-20.56,0,20.56
-20.56,0,20.56
-29.74,0,29.74
-29.74,0,29.74
-29.74,0,29.74
-29.74,0,29.74
-23.2,0,23.2
-20.41,-6.68,21.57
-20.41,-6.68,21.57
-22.99,-7.48,24.31
-22.99,-7.48,24.31
-22.99,-7.48,24.31
-22.99,-7.48,24.31
-22.99,-7.48,24.31
-22.4,-14.71,27.25
-22.4,-14.71,27.25
-22.99,-7.48,24.31
-22.4,-14.71,27.25
-22.4,-14.71,27.25
-14.71,-22.4,27.25
-13.63,-13.63,19.47
-13.17,-19.99,24.26
-13.17,-19.99,24.26
-13.17,-19.99,24.26
-13.17,-19.99,24.26
-13.17,-19.99,24.26
-13.17,-19.99,24.26
-13.17,-19.99,24.26
-13.17,-19.99,24.26
-13.63,-13.63,19.47
-15.36,-15.36,22
-19.99,-13.17,24.26
-19.35,-19.35,27.94
-19.35,-19.35,27.94
-13.63,-13.63,19.47
-19.99,-13.17,24.26
-19.99,-13.17,24.26
-19.99,-13.17,24.26
-19.99,-13.17,24.26
-19.99,-13.17,24.26
-19.99,-13.17,24.26
-20.41,-6.68,21.57
-22.4,-14.71,27.25
-29.5,-7.07,30.5
-29.5,-7.07,30.5
-29.74,0,29.74
-29.74,0,29.74
-29.74,0,29.74
-29.74,0,29.74
-29.5,-7.07,30.5
-29.5,-7.07,30.5
-33.69,0,33.69
-33.69,0,33.69
-33.69,0,33.69
-33.69,0,33.69
-29.74,0,29.74
-29.74,0,29.74
-29.74,0,29.74
-29.74,0,29.74
-29.74,0,29.74
-29.74,0,29.74
-29.74,0,29.74
-29.74,0,29.74
-29.74,0,29.74
-29.74,0,29.74
-29.74,0,29.74
-29.74,0,29.74
-29.74,0,29.74
-29.74,0,29.74
-29.74,0,29.74
-29.74,0,29.74
-29.74,0,29.74
-29.5,7.07,30.5
-29.5,7.07,30.5
-29.5,7.07,30.5
-29.5,7.07,30.5
-29.5,7.07,30.5
-29.74,0,29.74
-29.74,0,29.74
-29.74,0,29.74
-29.5,7.07,30.5
-29.5,7.07,30.5
-29.5,7.07,30.5
-29.74,0,29.74
-29.74,0,29.74
-29.74,0,29.74
-29.5,7.07,30.5
-29.5,7.07,30.5
-29.5,7.07,30.5
-29.74,0,29.74
-29.74,0,29.74
-29.74,0,29.74
-33.69,0,33.69
-33.69,0,33.69
-33.69,0,33.69
-33.69,0,33.69
-23.2,0,23.2
-22.99,-7.48,24.31
-20.41,-6.68,21.57
-18.43,0,18.43
-18.33,-6.02,19.36
-12.45,-6.19,13.95
-12.45,-6.19,13.95
-12.45,-6.19,13.95
-12.24,-12.24,17.45
-13.63,-13.63,19.47
-22.4,-14.71,27.25
-22.4,-14.71,27.25
-22.4,-14.71,27.25
-15.36,-15.36,22
-14.71,-22.4,27.25
-13.63,-13.63,19.47
-13.63,-13.63,19.47
-13.63,-13.63,19.47
-13.63,-13.63,19.47
-13.63,-13.63,19.47
-12.24,-12.24,17.45
-12.24,-12.24,17.45
-13.63,-13.63,19.47
-13.93,-6.91,15.62
-13.93,-6.91,15.62
-13.93,-6.91,15.62
-13.93,-6.91,15.62
-13.63,-13.63,19.47
-6.91,-13.93,15.62
-6.19,-12.45,13.95
-12.24,-12.24,17.45
-13.63,-13.63,19.47
-13.63,-13.63,19.47
-13.63,-13.63,19.47
-13.93,-6.91,15.62
-13.93,-6.91,15.62
-13.63,-13.63,19.47
-13.63,-13.63,19.47
-13.63,-13.63,19.47
-13.93,-6.91,15.62
-20.56,0,20.56
-23.2,0,23.2
-23.2,0,23.2
-20.56,0,20.56
-20.56,0,20.56
-14.04,0,14.04
-14.04,0,14.04
-20.56,0,20.56
-20.56,0,20.56
-20.56,0,20.56
-23.2,0,23.2
-20.56,0,20.56
-20.56,0,20.56
-20.56,0,20.56
-20.56,0,20.56
-20.56,0,20.56
-20.56,0,20.56
-20.56,0,20.56
-26.57,0,26.57
-26.57,0,26.57
-29.74,0,29.74
-29.74,0,29.74
-29.5,7.07,30.5
-29.5,7.07,30.5
-33.33,7.9,34.5
-33.33,7.9,34.5
-33.33,7.9,34.5
-33.33,7.9,34.5
-29.5,7.07,30.5
-29.5,7.07,30.5
-29.5,7.07,30.5
-29.5,7.07,30.5
-26.39,6.38,27.27
-26.39,6.38,27.27
-26.39,6.38,27.27
-26.39,6.38,27.27
-26.39,6.38,27.27
-26.39,6.38,27.27
-29.5,7.07,30.5
-29.5,7.07,30.5
-29.5,7.07,30.5
-29.5,7.07,30.5
-29.74,0,29.74
-29.74,0,29.74
-29.74,0,29.74
-29.74,0,29.74
-23.2,0,23.2
-20.56,0,20.56
-20.56,0,20.56
-20.56,0,20.56
-20.56,0,20.56
-20.56,0,20.56
-20.56,0,20.56
-20.56,0,20.56
-20.56,0,20.56
-20.56,0,20.56
-20.56,0,20.56
-20.41,-6.68,21.57
-20.41,-6.68,21.57
-22.99,-7.48,24.31
-22.99,-7.48,24.31
-22.99,-7.48,24.31
-22.99,-7.48,24.31
-22.99,-7.48,24.31
-20.41,-6.68,21.57
-19.99,-13.17,24.26
-19.99,-13.17,24.26
-19.99,-13.17,24.26
-19.99,-13.17,24.26
-13.63,-13.63,19.47
-13.63,-13.63,19.47
-13.63,-13.63,19.47
-13.63,-13.63,19.47
-19.99,-13.17,24.26
-19.99,-13.17,24.26
-22.4,-14.71,27.25
-22.4,-14.71,27.25
-22.4,-14.71,27.25
-13.63,-13.63,19.47
-13.63,-13.63,19.47
-13.63,-13.63,19.47
-11.9,-18.02,21.83
-19.99,-13.17,24.26
-20.41,-6.68,21.57
-23.2,0,23.2
-20.41,-6.68,21.57
-20.41,-6.68,21.57
-20.41,-6.68,21.57
-20.41,-6.68,21.57
-22.99,-7.48,24.31
-29.74,0,29.74
-29.74,0,29.74
-29.74,0,29.74
-29.74,0,29.74
-29.5,-7.07,30.5
-29.5,-7.07,30.5
-29.5,-7.07,30.5
-29.5,-7.07,30.5
-29.5,-7.07,30.5
-29.74,0,29.74
-29.74,0,29.74
-29.74,0,29.74
-26.57,0,26.57
-26.39,-6.38,27.27
-29.5,-7.07,30.5
-29.5,-7.07,30.5
-29.74,0,29.74
-29.74,0,29.74
-35.54,0,35.54
-35.54,0,35.54
-35.54,0,35.54
-35.54,0,35.54
-39.42,7.3,40.36
-39.42,7.3,40.36
-39.42,7.3,40.36
-39.42,7.3,40.36
-39.42,7.3,40.36
-39.42,7.3,40.36
-39.42,7.3,40.36
-39.42,7.3,40.36
-39.42,7.3,40.36
-35.54,0,35.54
-29.74,0,29.74
-29.5,7.07,30.5
-35.26,6.63,36.07
-29.5,7.07,30.5
-35.54,0,35.54
-35.54,0,35.54
-35.54,0,35.54
-29.74,0,29.74
-29.74,0,29.74
-29.74,0,29.74
-29.74,0,29.74
-29.74,0,29.74
-29.74,0,29.74
-29.74,0,29.74
-29.74,0,29.74
-29.74,0,29.74
-29.74,0,29.74
-29.74,0,29.74
-29.74,0,29.74
-29.74,0,29.74
-29.74,0,29.74
-29.74,0,29.74
-29.5,-7.07,30.5
-29.5,-7.07,30.5
-22.99,-7.48,24.31
-20.41,-6.68,21.57
-19.99,-13.17,24.26
-22.4,-14.71,27.25
-22.4,-14.71,27.25
-22.4,-14.71,27.25
-22.4,-14.71,27.25
-19.99,-13.17,24.26
-19.99,-13.17,24.26
-19.99,-13.17,24.26
-19.99,-13.17,24.26
-19.99,-13.17,24.26
-19.35,-19.35,27.94
-21.5,-21.5,31.22
-21.5,-21.5,31.22
-21.5,-21.5,31.22
-22.4,-14.71,27.25
-22.4,-14.71,27.25
-22.4,-14.71,27.25
-22.4,-14.71,27.25
-22.4,-14.71,27.25
-22.4,-14.71,27.25
-22.4,-14.71,27.25
-19.99,-13.17,24.26
-19.99,-13.17,24.26
-19.99,-13.17,24.26
-20.41,-6.68,21.57
-20.41,-6.68,21.57
-26.39,-6.38,27.27
-29.5,-7.07,30.5
-29.5,-7.07,30.5
-29.5,-7.07,30.5
-29.5,-7.07,30.5
-29.74,0,29.74
-29.74,0,29.74
-29.74,0,29.74
-29.74,0,29.74
-29.74,0,29.74
-29.74,0,29.74
-29.74,0,29.74
-29.74,0,29.74
-29.74,0,29.74
-29.74,0,29.74
-29.74,0,29.74
-35.54,0,35.54
-35.54,0,35.54
-29.74,0,29.74
-35.54,0,35.54
-35.54,0,35.54
-35.54,0,35.54
-35.54,0,35.54
-39.42,7.3,40.36
-39.42,7.3,40.36
-39.81,0,39.81
-35.54,0,35.54
-35.54,0,35.54
-35.54,0,35.54
-35.54,0,35.54
-35.54,0,35.54
-35.54,0,35.54
-35.54,0,35.54
-35.54,0,35.54
-35.54,0,35.54
-35.26,6.63,36.07
-39.42,7.3,40.36
-39.42,7.3,40.36
-39.42,7.3,40.36
-39.42,7.3,40.36
-29.5,7.07,30.5
-29.5,7.07,30.5
-29.5,7.07,30.5
-26.57,0,26.57
-26.57,0,26.57
-26.57,0,26.57
-26.57,0,26.57
-26.57,0,26.57
-26.57,0,26.57
-29.74,0,29.74
-29.74,0,29.74
-29.74,0,29.74
-29.74,0,29.74
-29.74,0,29.74
-29.74,0,29.74
-29.74,0,29.74
-29.74,0,29.74
-29.5,-7.07,30.5
-23.2,0,23.2
-23.2,0,23.2
-23.2,0,23.2
-22.99,-7.48,24.31
-22.99,-7.48,24.31
-22.99,-7.48,24.31
-22.99,-7.48,24.31
-22.4,-14.71,27.25
-19.99,-13.17,24.26
-19.99,-13.17,24.26
-19.99,-13.17,24.26
-19.99,-13.17,24.26
-19.99,-13.17,24.26
-19.99,-13.17,24.26
-13.63,-13.63,19.47
-13.63,-13.63,19.47
-13.63,-13.63,19.47
-19.99,-13.17,24.26
-19.99,-13.17,24.26
-22.4,-14.71,27.25
-22.4,-14.71,27.25
-22.4,-14.71,27.25
-22.4,-14.71,27.25
-19.99,-13.17,24.26
-19.99,-13.17,24.26
-19.99,-13.17,24.26
-19.99,-13.17,24.26
-19.99,-13.17,24.26
-22.4,-14.71,27.25
-19.99,-13.17,24.26
-19.99,-13.17,24.26
-19.99,-13.17,24.26
-19.99,-13.17,24.26
-19.99,-13.17,24.26
-29.5,-7.07,30.5
-29.5,-7.07,30.5
-29.5,-7.07,30.5
-29.5,-7.07,30.5
-29.5,-7.07,30.5
-29.5,-7.07,30.5
-29.5,-7.07,30.5
-29.5,-7.07,30.5
-29.5,-7.07,30.5
-29.5,-7.07,30.5
-29.74,0,29.74
-29.74,0,29.74
-29.74,0,29.74
-29.74,0,29.74
-29.74,0,29.74
-29.74,0,29.74
-29.74,0,29.74
-29.74,0,29.74
-29.74,0,29.74
-29.74,0,29.74
-29.74,0,29.74
-29.74,0,29.74
-29.74,0,29.74
-35.54,0,35.54
-35.54,0,35.54
-35.54,0,35.54
-35.54,0,35.54
-35.54,0,35.54
-35.54,0,35.54
-35.54,0,35.54
-35.26,6.63,36.07
-39.42,7.3,40.36
-35.26,6.63,36.07
-35.26,6.63,36.07
-35.26,6.63,36.07
-35.26,6.63,36.07
-35.54,0,35.54
-35.54,0,35.54
-35.54,0,35.54
-35.54,0,35.54
-35.54,0,35.54
-29.74,0,29.74
-29.74,0,29.74
-35.54,0,35.54
-29.74,0,29.74
-29.74,0,29.74
-29.74,0,29.74
-29.74,0,29.74
-29.74,0,29.74
-22.99,-7.48,24.31
-20.41,-6.68,21.57
-20.41,-6.68,21.57
-20.41,-6.68,21.57
-20.41,-6.68,21.57
-20.41,-6.68,21.57
-20.41,-6.68,21.57
-20.41,-6.68,21.57
-19.99,-13.17,24.26
-19.99,-13.17,24.26
-19.99,-13.17,24.26
-22.4,-14.71,27.25
-22.4,-14.71,27.25
-22.4,-14.71,27.25
-22.4,-14.71,27.25
-22.4,-14.71,27.25
-22.4,-14.71,27.25
-22.4,-14.71,27.25
-21.5,-21.5,31.22
-21.5,-21.5,31.22
-21.5,-21.5,31.22
-19.35,-19.35,27.94
-19.35,-19.35,27.94
-19.35,-19.35,27.94
-19.35,-19.35,27.94
-19.35,-19.35,27.94
-21.5,-21.5,31.22
-21.5,-21.5,31.22
-21.5,-21.5,31.22
-21.5,-21.5,31.22
-21.5,-21.5,31.22
-21.5,-21.5,31.22
-21.5,-21.5,31.22
-22.4,-14.71,27.25
-22.4,-14.71,27.25
-22.4,-14.71,27.25
-22.4,-14.71,27.25
-22.4,-14.71,27.25
-22.99,-7.48,24.31
-22.4,-14.71,27.25
-19.99,-13.17,24.26
-19.99,-13.17,24.26
-28.79,-13.93,32.57
-28.79,-13.93,32.57
-28.79,-13.93,32.57
-22.4,-14.71,27.25
-22.4,-14.71,27.25
-19.99,-13.17,24.26
-19.99,-13.17,24.26
-29.5,-7.07,30.5
-29.5,-7.07,30.5
-29.5,-7.07,30.5
-29.5,-7.07,30.5
-29.5,-7.07,30.5
-29.5,-7.07,30.5
-29.5,-7.07,30.5
-29.74,0,29.74
-29.74,0,29.74
-35.54,0,35.54
-29.74,0,29.74
-29.74,0,29.74
-29.74,0,29.74
-29.74,0,29.74
-35.54,0,35.54
-39.81,0,39.81
-39.81,0,39.81
-39.81,0,39.81
-39.81,0,39.81
-39.81,0,39.81
-39.81,0,39.81
-39.81,0,39.81
-35.54,0,35.54
-35.54,0,35.54
-35.26,6.63,36.07
-35.26,6.63,36.07
-35.26,6.63,36.07
-35.54,0,35.54
-35.54,0,35.54
-35.54,0,35.54
-35.54,0,35.54
-35.54,0,35.54
-35.54,0,35.54
-35.54,0,35.54
-29.74,0,29.74
-29.74,0,29.74
-29.74,0,29.74
-26.57,0,26.57
-26.57,0,26.57
-26.57,0,26.57
-29.74,0,29.74
-29.74,0,29.74
-29.74,0,29.74
-26.57,0,26.57
-20.56,0,20.56
-29.74,0,29.74
-29.74,0,29.74
-29.74,0,29.74
-29.74,0,29.74
-29.5,-7.07,30.5
-29.5,-7.07,30.5
-22.99,-7.48,24.31
-22.99,-7.48,24.31
-22.99,-7.48,24.31
-22.4,-14.71,27.25
-19.99,-13.17,24.26
-19.99,-13.17,24.26
-19.99,-13.17,24.26
-19.99,-13.17,24.26
-19.99,-13.17,24.26
-22.4,-14.71,27.25
-22.4,-14.71,27.25
-22.4,-14.71,27.25
-22.4,-14.71,27.25
-22.4,-14.71,27.25
-22.4,-14.71,27.25
-21.5,-21.5,31.22
-21.5,-21.5,31.22
-21.5,-21.5,31.22
-21.5,-21.5,31.22
-21.5,-21.5,31.22
-21.5,-21.5,31.22
-19.99,-13.17,24.26
-19.99,-13.17,24.26
-19.99,-13.17,24.26
-19.99,-13.17,24.26
-22.4,-14.71,27.25
-22.4,-14.71,27.25
-22.4,-14.71,27.25
-22.4,-14.71,27.25
-19.99,-13.17,24.26
-19.99,-13.17,24.26
-19.99,-13.17,24.26
-25.88,-12.6,29.21
-29.5,-7.07,30.5
-29.5,-7.07,30.5
-29.5,-7.07,30.5
-22.99,-7.48,24.31
-23.2,0,23.2
-23.2,0,23.2
-29.74,0,29.74
-29.74,0,29.74
-29.74,0,29.74
-29.74,0,29.74
-29.74,0,29.74
-29.74,0,29.74
-29.74,0,29.74
-29.74,0,29.74
-29.74,0,29.74
-29.74,0,29.74
-29.74,0,29.74
-29.74,0,29.74
-29.74,0,29.74
-29.74,0,29.74
-29.74,0,29.74
-29.74,0,29.74
-29.74,0,29.74
-29.74,0,29.74
-29.74,0,29.74
-29.74,0,29.74
-29.74,0,29.74
-29.74,0,29.74
-29.74,0,29.74
-29.74,0,29.74
-29.74,0,29.74
-29.74,0,29.74
-29.74,0,29.74
-29.74,0,29.74
-29.74,0,29.74
-29.74,0,29.74
-29.74,0,29.74
-29.74,0,29.74
-29.74,0,29.74
-29.74,0,29.74
-29.74,0,29.74
-29.74,0,29.74
-29.74,0,29.74
-29.74,0,29.74
-29.74,0,29.74
-29.74,0,29.74
-29.74,0,29.74
-29.74,0,29.74
-29.74,0,29.74
-23.2,0,23.2
-20.56,0,20.56
-20.41,-6.68,21.57
-20.41,-6.68,21.57
-22.99,-7.48,24.31
-22.99,-7.48,24.31
-22.99,-7.48,24.31
-22.99,-7.48,24.31
-22.4,-14.71,27.25
-22.4,-14.71,27.25
-21.5,-21.5,31.22
-21.5,-21.5,31.22
-19.35,-19.35,27.94
-13.17,-19.99,24.26
-13.17,-19.99,24.26
-13.17,-19.99,24.26
-13.17,-19.99,24.26
-13.17,-19.99,24.26
-19.35,-19.35,27.94
-19.35,-19.35,27.94
-19.99,-13.17,24.26
-19.99,-13.17,24.26
-19.99,-13.17,24.26
-19.99,-13.17,24.26
-22.99,-7.48,24.31
-22.99,-7.48,24.31
-22.99,-7.48,24.31
-22.4,-14.71,27.25
-22.4,-14.71,27.25
-22.4,-14.71,27.25
-19.99,-13.17,24.26
-19.99,-13.17,24.26
-19.99,-13.17,24.26
-20.41,-6.68,21.57
-20.41,-6.68,21.57
-29.5,-7.07,30.5
-29.5,-7.07,30.5
-29.74,0,29.74
-29.74,0,29.74
-29.74,0,29.74
-29.74,0,29.74
-29.74,0,29.74
-29.74,0,29.74
-29.74,0,29.74
-29.74,0,29.74
-29.74,0,29.74
-29.74,0,29.74
-29.74,0,29.74
-35.54,0,35.54
-35.54,0,35.54
-35.54,0,35.54
-35.54,0,35.54
-35.54,0,35.54
-35.54,0,35.54
-35.54,0,35.54
-35.54,0,35.54
-35.54,0,35.54
-35.54,0,35.54
-35.54,0,35.54
-35.54,0,35.54
-35.54,0,35.54
-35.54,0,35.54
-29.74,0,29.74
-29.74,0,29.74
-29.74,0,29.74
-29.74,0,29.74
-29.74,0,29.74
-29.74,0,29.74
-29.74,0,29.74
-29.74,0,29.74
-29.74,0,29.74
-29.74,0,29.74
-29.74,0,29.74
-29.74,0,29.74
-29.74,0,29.74
-29.74,0,29.74
-29.74,0,29.74
-29.5,-7.07,30.5
-22.99,-7.48,24.31
-22.99,-7.48,24.31
-20.41,-6.68,21.57
-20.41,-6.68,21.57
-20.41,-6.68,21.57
-19.99,-13.17,24.26
-19.99,-13.17,24.26
-22.4,-14.71,27.25
-22.4,-14.71,27.25
-22.4,-14.71,27.25
-22.4,-14.71,27.25
-22.4,-14.71,27.25
-13.63,-13.63,19.47
-13.17,-19.99,24.26
-13.17,-19.99,24.26
-13.17,-19.99,24.26
-13.17,-19.99,24.26
-13.17,-19.99,24.26
-13.17,-19.99,24.26
-13.17,-19.99,24.26
-13.17,-19.99,24.26
-14.71,-22.4,27.25
-14.71,-22.4,27.25
-15.36,-15.36,22
-13.63,-13.63,19.47
-13.63,-13.63,19.47
-13.63,-13.63,19.47
-12.24,-12.24,17.45
-13.63,-13.63,19.47
-13.63,-13.63,19.47
-13.63,-13.63,19.47
-13.63,-13.63,19.47
-13.63,-13.63,19.47
-13.93,-6.91,15.62
-20.41,-6.68,21.57
-20.41,-6.68,21.57
-22.99,-7.48,24.31
-29.5,-7.07,30.5
-29.5,-7.07,30.5
-29.5,-7.07,30.5
-22.99,-7.48,24.31
-29.5,-7.07,30.5
-29.74,0,29.74
-29.5,-7.07,30.5
-29.74,0,29.74
-29.74,0,29.74
-29.74,0,29.74
-29.74,0,29.74
-29.74,0,29.74
-29.74,0,29.74
-29.74,0,29.74
-29.74,0,29.74
-29.74,0,29.74
-29.74,0,29.74
-29.74,0,29.74
-29.74,0,29.74
-29.74,0,29.74
-29.74,0,29.74
-29.74,0,29.74
-29.74,0,29.74
-35.54,0,35.54
-35.54,0,35.54
-35.54,0,35.54
-35.54,0,35.54
-35.54,0,35.54
-29.74,0,29.74
-29.74,0,29.74
-29.74,0,29.74
-29.74,0,29.74
-29.74,0,29.74
-29.74,0,29.74
-29.74,0,29.74
-29.74,0,29.74
-29.74,0,29.74
-29.74,0,29.74
-29.74,0,29.74
-29.74,0,29.74
-29.74,0,29.74
-29.74,0,29.74
-29.74,0,29.74
-29.74,0,29.74
-29.74,0,29.74
-29.74,0,29.74
-29.74,0,29.74
-29.74,0,29.74
-29.74,0,29.74
-29.5,-7.07,30.5
-29.5,-7.07,30.5
-29.5,-7.07,30.5
-22.99,-7.48,24.31
-22.99,-7.48,24.31
-22.99,-7.48,24.31
-22.99,-7.48,24.31
-19.99,-13.17,24.26
-19.99,-13.17,24.26
-22.4,-14.71,27.25
-22.4,-14.71,27.25
-22.4,-14.71,27.25
-19.99,-13.17,24.26
-19.99,-13.17,24.26
-19.35,-19.35,27.94
-19.35,-19.35,27.94
-13.17,-19.99,24.26
-13.17,-19.99,24.26
-13.17,-19.99,24.26
-13.17,-19.99,24.26
-13.17,-19.99,24.26
-13.17,-19.99,24.26
-13.17,-19.99,24.26
-13.17,-19.99,24.26
-13.17,-19.99,24.26
-13.17,-19.99,24.26
-13.17,-19.99,24.26
-13.17,-19.99,24.26
-13.17,-19.99,24.26
-19.35,-19.35,27.94
-19.99,-13.17,24.26
-19.99,-13.17,24.26
-19.99,-13.17,24.26
-20.41,-6.68,21.57
-20.41,-6.68,21.57
-20.41,-6.68,21.57
-20.41,-6.68,21.57
-20.41,-6.68,21.57
-22.99,-7.48,24.31
-23.2,0,23.2
-23.2,0,23.2
-23.2,0,23.2
-29.74,0,29.74
-29.74,0,29.74
-29.5,-7.07,30.5
-29.5,-7.07,30.5
-29.5,-7.07,30.5
-29.5,-7.07,30.5
-23.2,0,23.2
-29.74,0,29.74
-29.74,0,29.74
-29.74,0,29.74
-26.57,0,26.57
-29.74,0,29.74
-29.74,0,29.74
-29.74,0,29.74
-29.74,0,29.74
-29.74,0,29.74
-29.74,0,29.74
-29.74,0,29.74
-29.74,0,29.74
-29.5,7.07,30.5
-35.26,6.63,36.07
-35.26,6.63,36.07
-29.5,7.07,30.5
-29.5,7.07,30.5
-33.33,7.9,34.5
-39.42,7.3,40.36
-39.42,7.3,40.36
-39.42,7.3,40.36
-39.42,7.3,40.36
-35.26,6.63,36.07
-29.74,0,29.74
-29.74,0,29.74
-29.74,0,29.74
-26.57,0,26.57
-26.57,0,26.57
-29.74,0,29.74
-29.74,0,29.74
-29.74,0,29.74
-29.74,0,29.74
-29.74,0,29.74
-29.74,0,29.74
-29.74,0,29.74
-29.74,0,29.74
-29.74,0,29.74
-29.74,0,29.74
-29.74,0,29.74
-23.2,0,23.2
-20.56,0,20.56
-20.56,0,20.56
-20.56,0,20.56
-20.56,0,20.56
-20.41,-6.68,21.57
-22.99,-7.48,24.31
-22.99,-7.48,24.31
-22.99,-7.48,24.31
-22.4,-14.71,27.25
-22.4,-14.71,27.25
-15.36,-15.36,22
-13.63,-13.63,19.47
-13.63,-13.63,19.47
-13.17,-19.99,24.26
-11.9,-18.02,21.83
-11.9,-18.02,21.83
-11.9,-18.02,21.83
-13.17,-19.99,24.26
-13.63,-13.63,19.47
-13.17,-19.99,24.26
-13.17,-19.99,24.26
-14.71,-22.4,27.25
-15.36,-15.36,22
-15.36,-15.36,22
-15.36,-15.36,22
-13.63,-13.63,19.47
-13.63,-13.63,19.47
-13.63,-13.63,19.47
-13.63,-13.63,19.47
-13.17,-19.99,24.26
-19.99,-13.17,24.26
-13.63,-13.63,19.47
-13.63,-13.63,19.47
-13.63,-13.63,19.47
-13.63,-13.63,19.47
-13.63,-13.63,19.47
-19.99,-13.17,24.26
-19.99,-13.17,24.26
-22.99,-7.48,24.31
-22.99,-7.48,24.31
-23.2,0,23.2
-23.2,0,23.2
-20.56,0,20.56
-20.56,0,20.56
-29.74,0,29.74
-29.74,0,29.74
-29.74,0,29.74
-29.74,0,29.74
-29.74,0,29.74
-29.74,0,29.74
-29.74,0,29.74
-29.74,0,29.74
-29.74,0,29.74
-29.74,0,29.74
-29.74,0,29.74
-29.74,0,29.74
-29.74,0,29.74
-29.74,0,29.74
-29.74,0,29.74
-29.74,0,29.74
-29.74,0,29.74
-29.74,0,29.74
-29.74,0,29.74
-29.74,0,29.74
-35.26,6.63,36.07
-35.26,6.63,36.07
-29.5,7.07,30.5
-29.5,7.07,30.5
-29.5,7.07,30.5
-29.5,7.07,30.5
-29.5,7.07,30.5
-29.5,7.07,30.5
-29.5,7.07,30.5
-29.5,7.07,30.5
-29.5,7.07,30.5
-29.5,7.07,30.5
-29.5,7.07,30.5
-29.74,0,29.74
-29.74,0,29.74
-29.74,0,29.74
-29.74,0,29.74
-29.74,0,29.74
-29.74,0,29.74
-29.74,0,29.74
-29.74,0,29.74
-29.74,0,29.74
-29.74,0,29.74
-29.74,0,29.74
-26.57,0,26.57
-26.57,0,26.57
-26.57,0,26.57
-26.57,0,26.57
-23.2,0,23.2
-23.2,0,23.2
-23.2,0,23.2
-23.2,0,23.2
-23.2,0,23.2
-22.99,-7.48,24.31
-22.99,-7.48,24.31
-22.99,-7.48,24.31
-19.99,-13.17,24.26
-19.99,-13.17,24.26
-19.99,-13.17,24.26
-19.99,-13.17,24.26
-19.35,-19.35,27.94
-19.35,-19.35,27.94
-19.35,-19.35,27.94
-19.35,-19.35,27.94
-19.35,-19.35,27.94
-19.35,-19.35,27.94
-19.35,-19.35,27.94
-19.35,-19.35,27.94
-19.99,-13.17,24.26
-19.99,-13.17,24.26
-19.99,-13.17,24.26
-22.4,-14.71,27.25
-22.99,-7.48,24.31
-22.99,-7.48,24.31
-22.99,-7.48,24.31
-22.4,-14.71,27.25
-22.4,-14.71,27.25
-29.5,-7.07,30.5
-29.5,-7.07,30.5
-29.5,-7.07,30.5
-29.5,-7.07,30.5
-29.5,-7.07,30.5
-29.5,-7.07,30.5
-29.5,-7.07,30.5
-29.5,-7.07,30.5
-29.74,0,29.74
-29.74,0,29.74
-29.74,0,29.74
-29.74,0,29.74
-29.74,0,29.74
-29.74,0,29.74
-29.74,0,29.74
-29.74,0,29.74
-29.74,0,29.74
-29.74,0,29.74
-29.74,0,29.74
-29.74,0,29.74
-29.74,0,29.74
-29.74,0,29.74
-35.26,6.63,36.07
-35.26,6.63,36.07
-35.26,6.63,36.07
-35.26,6.63,36.07
-29.5,7.07,30.5
-29.74,0,29.74
-29.74,0,29.74
-29.74,0,29.74
-29.74,0,29.74
-29.74,0,29.74
-29.74,0,29.74
-29.74,0,29.74
-29.74,0,29.74
-33.69,0,33.69
-33.69,0,33.69
-29.74,0,29.74
-29.74,0,29.74
-29.74,0,29.74
-20.56,0,20.56
-20.56,0,20.56
-20.56,0,20.56
-20.56,0,20.56
-12.45,-6.19,13.95
-12.45,-6.19,13.95
-20.41,-6.68,21.57
-20.41,-6.68,21.57
-20.41,-6.68,21.57
-22.99,-7.48,24.31
-22.99,-7.48,24.31
-15.79,-7.82,17.72
-15.79,-7.82,17.72
-13.93,-6.91,15.62
-13.63,-13.63,19.47
-13.63,-13.63,19.47
-13.63,-13.63,19.47
-13.63,-13.63,19.47
-13.63,-13.63,19.47
-13.63,-13.63,19.47
-13.63,-13.63,19.47
-13.63,-13.63,19.47
-13.17,-19.99,24.26
-13.17,-19.99,24.26
-13.17,-19.99,24.26
-13.17,-19.99,24.26
-13.17,-19.99,24.26
-13.17,-19.99,24.26
-13.17,-19.99,24.26
-13.17,-19.99,24.26
-13.63,-13.63,19.47
-13.63,-13.63,19.47
-13.63,-13.63,19.47
-13.63,-13.63,19.47
-13.63,-13.63,19.47
-13.63,-13.63,19.47
-13.63,-13.63,19.47
-20.41,-6.68,21.57
-20.41,-6.68,21.57
-20.41,-6.68,21.57
-22.99,-7.48,24.31
-22.99,-7.48,24.31
-22.99,-7.48,24.31
-22.99,-7.48,24.31
-20.41,-6.68,21.57
-20.41,-6.68,21.57
-26.57,0,26.57
-26.57,0,26.57
-29.74,0,29.74
-29.74,0,29.74
-29.74,0,29.74
-29.74,0,29.74
-29.74,0,29.74
-26.57,0,26.57
-29.74,0,29.74
-29.74,0,29.74
-29.74,0,29.74
-29.74,0,29.74
-29.74,0,29.74
-29.74,0,29.74
-29.74,0,29.74
-29.74,0,29.74
-29.74,0,29.74
-29.74,0,29.74
-29.74,0,29.74
-29.74,0,29.74
-29.74,0,29.74
-29.74,0,29.74
-29.74,0,29.74
-29.74,0,29.74
-29.74,0,29.74
-29.74,0,29.74
-29.74,0,29.74
-26.57,0,26.57
-26.57,0,26.57
-29.74,0,29.74
-29.74,0,29.74
-29.74,0,29.74
-29.74,0,29.74
-29.74,0,29.74
-29.74,0,29.74
-29.74,0,29.74
-29.74,0,29.74
-29.74,0,29.74
-29.74,0,29.74
-29.74,0,29.74
-29.74,0,29.74
-29.74,0,29.74
-29.74,0,29.74
-20.41,-6.68,21.57
-20.41,-6.68,21.57
-29.5,-7.07,30.5
-22.99,-7.48,24.31
-22.99,-7.48,24.31
-22.99,-7.48,24.31
-22.99,-7.48,24.31
-22.99,-7.48,24.31
-22.99,-7.48,24.31
-22.4,-14.71,27.25
-22.4,-14.71,27.25
-13.63,-13.63,19.47
-13.17,-19.99,24.26
-13.17,-19.99,24.26
-11.9,-18.02,21.83
-11.9,-18.02,21.83
-11.9,-18.02,21.83
-13.63,-13.63,19.47
-13.63,-13.63,19.47
-13.63,-13.63,19.47
-13.63,-13.63,19.47
-19.99,-13.17,24.26
-19.99,-13.17,24.26
-19.99,-13.17,24.26
-22.4,-14.71,27.25
-22.4,-14.71,27.25
-22.4,-14.71,27.25
-22.4,-14.71,27.25
-22.99,-7.48,24.31
-22.99,-7.48,24.31
-22.99,-7.48,24.31
-22.99,-7.48,24.31
-29.74,0,29.74
-29.74,0,29.74
-29.74,0,29.74
-29.74,0,29.74
-29.74,0,29.74
-29.74,0,29.74
-29.74,0,29.74
-29.74,0,29.74
-29.74,0,29.74
-29.74,0,29.74
-29.74,0,29.74
-29.74,0,29.74
-29.74,0,29.74
-29.74,0,29.74
-29.74,0,29.74
-29.74,0,29.74
-29.74,0,29.74
-26.57,0,26.57
-26.57,0,26.57
-29.74,0,29.74
-35.54,0,35.54
-29.74,0,29.74
-29.74,0,29.74
-29.74,0,29.74
-29.74,0,29.74
-29.74,0,29.74
-26.57,0,26.57
-26.57,0,26.57
-20.41,6.68,21.57
-20.41,6.68,21.57
-26.39,6.38,27.27
-29.74,0,29.74
-29.74,0,29.74
-29.74,0,29.74
-29.74,0,29.74
-29.74,0,29.74
-20.56,0,20.56
-20.56,0,20.56
-20.41,-6.68,21.57
-20.41,-6.68,21.57
-22.99,-7.48,24.31
-29.5,-7.07,30.5
-22.99,-7.48,24.31
-22.99,-7.48,24.31
-22.99,-7.48,24.31
-22.99,-7.48,24.31
-20.41,-6.68,21.57
-20.41,-6.68,21.57
-19.99,-13.17,24.26
-19.99,-13.17,24.26
-19.99,-13.17,24.26
-19.99,-13.17,24.26
-22.4,-14.71,27.25
-22.4,-14.71,27.25
-22.4,-14.71,27.25
-22.4,-14.71,27.25
-21.5,-21.5,31.22
-21.5,-21.5,31.22
-21.5,-21.5,31.22
-22.4,-14.71,27.25
-22.4,-14.71,27.25
-19.99,-13.17,24.26
-19.99,-13.17,24.26
-22.4,-14.71,27.25
-19.99,-13.17,24.26
-19.99,-13.17,24.26
-19.99,-13.17,24.26
-19.99,-13.17,24.26
-19.99,-13.17,24.26
-19.99,-13.17,24.26
-19.99,-13.17,24.26
-22.4,-14.71,27.25
-22.99,-7.48,24.31
-22.99,-7.48,24.31
-19.99,-13.17,24.26
-20.41,-6.68,21.57
-26.39,-6.38,27.27
-29.5,-7.07,30.5
-29.5,-7.07,30.5
-29.5,-7.07,30.5
-29.5,-7.07,30.5
-29.5,-7.07,30.5
-29.5,-7.07,30.5
-29.74,0,29.74
-29.74,0,29.74
-29.74,0,29.74
-29.74,0,29.74
-29.74,0,29.74
-29.74,0,29.74
-35.54,0,35.54
-35.54,0,35.54
-35.54,0,35.54
-35.54,0,35.54
-35.54,0,35.54
-35.54,0,35.54
-35.54,0,35.54
-35.54,0,35.54
-35.54,0,35.54
-35.54,0,35.54
-35.54,0,35.54
-35.54,0,35.54
-35.26,6.63,36.07
-35.26,6.63,36.07
-35.26,6.63,36.07
-35.26,6.63,36.07
-35.54,0,35.54
-35.54,0,35.54
-29.74,0,29.74
-29.74,0,29.74
-29.5,7.07,30.5
-29.74,0,29.74
-29.74,0,29.74
-29.74,0,29.74
-29.5,7.07,30.5
-29.74,0,29.74
-29.74,0,29.74
-29.74,0,29.74
-29.74,0,29.74
-29.74,0,29.74
-29.74,0,29.74
-29.74,0,29.74
-29.74,0,29.74
-29.74,0,29.74
-22.99,-7.48,24.31
-22.99,-7.48,24.31
-22.99,-7.48,24.31
-22.99,-7.48,24.31
-22.99,-7.48,24.31
-22.99,-7.48,24.31
-20.41,-6.68,21.57
-20.41,-6.68,21.57
-19.99,-13.17,24.26
-19.99,-13.17,24.26
-19.99,-13.17,24.26
-22.4,-14.71,27.25
-15.36,-15.36,22
-13.63,-13.63,19.47
-13.63,-13.63,19.47
-13.17,-19.99,24.26
-13.17,-19.99,24.26
-13.17,-19.99,24.26
-13.17,-19.99,24.26
-13.17,-19.99,24.26
-13.17,-19.99,24.26
-14.71,-22.4,27.25
-14.71,-22.4,27.25
-14.71,-22.4,27.25
-14.71,-22.4,27.25
-13.63,-13.63,19.47
-13.63,-13.63,19.47
-13.17,-19.99,24.26
-13.17,-19.99,24.26
-13.17,-19.99,24.26
-13.17,-19.99,24.26
-13.63,-13.63,19.47
-19.99,-13.17,24.26
-22.4,-14.71,27.25
-22.4,-14.71,27.25
-22.99,-7.48,24.31
-22.99,-7.48,24.31
-22.4,-14.71,27.25
-22.4,-14.71,27.25
-22.4,-14.71,27.25
-13.93,-6.91,15.62
-13.93,-6.91,15.62
-13.93,-6.91,15.62
-18.43,0,18.43
-18.43,0,18.43
-20.56,0,20.56
-20.56,0,20.56
-20.56,0,20.56
-20.56,0,20.56
-20.56,0,20.56
-20.56,0,20.56
-20.56,0,20.56
-20.56,0,20.56
-26.57,0,26.57
-29.74,0,29.74
-29.74,0,29.74
-29.5,7.07,30.5
-33.33,7.9,34.5
-33.33,7.9,34.5
-29.5,7.07,30.5
-29.5,7.07,30.5
-26.39,6.38,27.27
-26.39,6.38,27.27
-26.39,6.38,27.27
-26.39,6.38,27.27
-26.39,6.38,27.27
-29.5,7.07,30.5
-29.5,7.07,30.5
-29.5,7.07,30.5
-20.56,0,20.56
-20.56,0,20.56
-20.56,0,20.56
-20.56,0,20.56
-20.56,0,20.56
-23.2,0,23.2
-23.2,0,23.2
-23.2,0,23.2
-23.2,0,23.2
-23.2,0,23.2
-23.2,0,23.2
-20.56,0,20.56
-20.56,0,20.56
-13.93,-6.91,15.62
-13.93,-6.91,15.62
-13.93,-6.91,15.62
-13.93,-6.91,15.62
-13.93,-6.91,15.62
-13.93,-6.91,15.62
-12.45,-6.19,13.95
-12.45,-6.19,13.95
-12.45,-6.19,13.95
-12.45,-6.19,13.95
-13.93,-6.91,15.62
-13.93,-6.91,15.62
-13.93,-6.91,15.62
-13.93,-6.91,15.62
-13.93,-6.91,15.62
-13.63,-13.63,19.47
-13.63,-13.63,19.47
-13.63,-13.63,19.47
-6.91,-13.93,15.62
-6.19,-12.45,13.95
-6.19,-12.45,13.95
-6.19,-12.45,13.95
-6.91,-13.93,15.62
-13.63,-13.63,19.47
-13.63,-13.63,19.47
-13.63,-13.63,19.47
-6.91,-13.93,15.62
-6.91,-13.93,15.62
-6.19,-12.45,13.95
-12.24,-12.24,17.45
-13.93,-6.91,15.62
-13.93,-6.91,15.62
-20.41,-6.68,21.57
-22.99,-7.48,24.31
-22.99,-7.48,24.31
-15.79,-7.82,17.72
-13.93,-6.91,15.62
-13.93,-6.91,15.62
-20.41,-6.68,21.57
-20.56,0,20.56
-20.56,0,20.56
-20.56,0,20.56
-23.2,0,23.2
-23.2,0,23.2
-23.2,0,23.2
-23.2,0,23.2
-26.57,0,26.57
-29.74,0,29.74
-29.74,0,29.74
-29.74,0,29.74
-29.74,0,29.74
-29.74,0,29.74
-29.74,0,29.74
-29.5,7.07,30.5
-29.5,7.07,30.5
-29.5,7.07,30.5
-29.5,7.07,30.5
-29.5,7.07,30.5
-29.74,0,29.74
-29.74,0,29.74
-29.74,0,29.74
-29.74,0,29.74
-29.74,0,29.74
-29.74,0,29.74
-29.74,0,29.74
-29.74,0,29.74
-29.74,0,29.74
-29.74,0,29.74
-29.74,0,29.74
-29.74,0,29.74
-29.74,0,29.74
-26.57,0,26.57
-26.57,0,26.57
-29.74,0,29.74
-29.74,0,29.74
-29.74,0,29.74
-29.74,0,29.74
-29.74,0,29.74
-29.74,0,29.74
-29.5,-7.07,30.5
-29.74,0,29.74
-29.74,0,29.74
-22.99,-7.48,24.31
-22.99,-7.48,24.31
-20.41,-6.68,21.57
-22.99,-7.48,24.31
-22.99,-7.48,24.31
-22.99,-7.48,24.31
-22.99,-7.48,24.31
-19.99,-13.17,24.26
-13.63,-13.63,19.47
-13.63,-13.63,19.47
-13.63,-13.63,19.47
-13.63,-13.63,19.47
-13.63,-13.63,19.47
-13.63,-13.63,19.47
-13.63,-13.63,19.47
-19.99,-13.17,24.26
-19.99,-13.17,24.26
-19.99,-13.17,24.26
-22.4,-14.71,27.25
-22.4,-14.71,27.25
-13.17,-19.99,24.26
-13.17,-19.99,24.26
-13.17,-19.99,24.26
-13.63,-13.63,19.47
-19.99,-13.17,24.26
-22.4,-14.71,27.25
-22.4,-14.71,27.25
-22.4,-14.71,27.25
-22.4,-14.71,27.25
-22.4,-14.71,27.25
-19.99,-13.17,24.26
-19.99,-13.17,24.26
-20.41,-6.68,21.57
-20.41,-6.68,21.57
-20.41,-6.68,21.57
-20.41,-6.68,21.57
-22.99,-7.48,24.31
-22.99,-7.48,24.31
-22.99,-7.48,24.31
-29.5,-7.07,30.5
-29.5,-7.07,30.5
-29.5,-7.07,30.5
-29.5,-7.07,30.5
-29.5,-7.07,30.5
-29.5,-7.07,30.5
-29.5,-7.07,30.5
-29.5,-7.07,30.5
-29.74,0,29.74
-29.74,0,29.74
-29.74,0,29.74
-29.74,0,29.74
-29.74,0,29.74
-29.74,0,29.74
-29.74,0,29.74
-29.74,0,29.74
-29.74,0,29.74
-29.74,0,29.74
-29.74,0,29.74
-29.74,0,29.74
-29.74,0,29.74
-29.74,0,29.74
-29.74,0,29.74
-29.74,0,29.74
-29.74,0,29.74
-29.74,0,29.74
-29.74,0,29.74
-29.74,0,29.74
-29.74,0,29.74
-29.74,0,29.74
-26.57,0,26.57
-26.57,0,26.57
-26.57,0,26.57
-26.57,0,26.57
-26.57,0,26.57
-29.74,0,29.74
-29.74,0,29.74
-29.74,0,29.74
-29.74,0,29.74
-29.74,0,29.74
-29.74,0,29.74
-29.74,0,29.74
-29.5,-7.07,30.5
-29.5,-7.07,30.5
-29.74,0,29.74
-29.74,0,29.74
-29.74,0,29.74
-29.74,0,29.74
-29.5,-7.07,30.5
-29.5,-7.07,30.5
-29.5,-7.07,30.5
-29.5,-7.07,30.5
-29.5,-7.07,30.5
-22.99,-7.48,24.31
-22.99,-7.48,24.31
-22.99,-7.48,24.31
-22.4,-14.71,27.25
-22.4,-14.71,27.25
-28.79,-13.93,32.57
-28.79,-13.93,32.57
-28.79,-13.93,32.57
-22.4,-14.71,27.25
-21.5,-21.5,31.22
-21.5,-21.5,31.22
-21.5,-21.5,31.22
-21.5,-21.5,31.22
-27.71,-20.41,35.54
-27.71,-20.41,35.54
-27.71,-20.41,35.54
-22.4,-14.71,27.25
-22.4,-14.71,27.25
-22.4,-14.71,27.25
-22.4,-14.71,27.25
-25.88,-12.6,29.21
-25.88,-12.6,29.21
-28.79,-13.93,32.57
-28.79,-13.93,32.57
-28.79,-13.93,32.57
-29.5,-7.07,30.5
-22.99,-7.48,24.31
-20.41,-6.68,21.57
-20.41,-6.68,21.57
-25.88,-12.6,29.21
-26.39,-6.38,27.27
-29.5,-7.07,30.5
-29.5,-7.07,30.5
-33.33,-7.9,34.5
-33.69,0,33.69
-33.69,0,33.69
-35.26,-6.63,36.07
-35.26,-6.63,36.07
-35.26,-6.63,36.07
-35.26,-6.63,36.07
-35.54,0,35.54
-39.81,0,39.81
-39.81,0,39.81
-39.81,0,39.81
-39.81,0,39.81
-35.54,0,35.54
-35.54,0,35.54
-35.54,0,35.54
-35.54,0,35.54
-35.54,0,35.54
-35.54,0,35.54
-39.81,0,39.81
-39.81,0,39.81
-35.54,0,35.54
-35.54,0,35.54
-35.54,0,35.54
-35.54,0,35.54
-35.54,0,35.54
-39.81,0,39.81
-39.81,0,39.81
-39.81,0,39.81
-39.81,0,39.81
-35.54,0,35.54
-35.54,0,35.54
-35.54,0,35.54
-35.54,0,35.54
-35.26,6.63,36.07
-35.26,6.63,36.07
-35.26,6.63,36.07
-35.26,6.63,36.07
-35.26,6.63,36.07
-35.26,6.63,36.07
-35.54,0,35.54
-29.74,0,29.74
-29.74,0,29.74
-29.5,7.07,30.5
-29.5,7.07,30.5
-29.74,0,29.74
-29.74,0,29.74
-29.74,0,29.74
-35.54,0,35.54
-29.74,0,29.74
-29.74,0,29.74
-29.74,0,29.74
-29.74,0,29.74
-29.5,-7.07,30.5
-29.5,-7.07,30.5
-29.5,-7.07,30.5
-29.5,-7.07,30.5
-28.79,-13.93,32.57
-22.4,-14.71,27.25
-22.4,-14.71,27.25
-19.99,-13.17,24.26
-19.99,-13.17,24.26
-19.99,-13.17,24.26
-19.99,-13.17,24.26
-28.79,-13.93,32.57
-28.79,-13.93,32.57
-32.31,-15.5,36.7
-32.31,-15.5,36.7
-32.31,-15.5,36.7
-30.81,-22.59,39.81
-21.5,-21.5,31.22
-21.5,-21.5,31.22
-21.5,-21.5,31.22
-19.35,-19.35,27.94
-19.35,-19.35,27.94
-19.35,-19.35,27.94
-19.99,-13.17,24.26
-19.35,-19.35,27.94
-21.5,-21.5,31.22
-27.71,-20.41,35.54
-21.5,-21.5,31.22
-27.71,-20.41,35.54
-27.71,-20.41,35.54
-21.5,-21.5,31.22
-22.4,-14.71,27.25
-22.4,-14.71,27.25
-22.4,-14.71,27.25
-22.4,-14.71,27.25
-28.79,-13.93,32.57
-28.79,-13.93,32.57
-28.79,-13.93,32.57
-29.5,-7.07,30.5
-29.5,-7.07,30.5
-29.74,0,29.74
-29.74,0,29.74
-29.74,0,29.74
-29.74,0,29.74
-29.74,0,29.74
-29.74,0,29.74
-35.54,0,35.54
-35.54,0,35.54
-29.74,0,29.74
-29.74,0,29.74
-29.74,0,29.74
-29.74,0,29.74
-29.74,0,29.74
-35.54,0,35.54
-35.54,0,35.54
-35.54,0,35.54
-35.54,0,35.54
-39.81,0,39.81
-39.81,0,39.81
-39.81,0,39.81
-39.81,0,39.81
-39.81,0,39.81
-39.81,0,39.81
-39.42,7.3,40.36
-39.81,0,39.81
-39.81,0,39.81
-39.81,0,39.81
-39.81,0,39.81
-35.54,0,35.54
-35.54,0,35.54
-35.54,0,35.54
-35.54,0,35.54
-35.54,0,35.54
-39.42,7.3,40.36
-39.42,7.3,40.36
-39.42,7.3,40.36
-35.26,6.63,36.07
-35.26,6.63,36.07
-35.26,6.63,36.07
-35.54,0,35.54
-29.74,0,29.74
-35.54,0,35.54
-35.54,0,35.54
-35.54,0,35.54
-35.54,0,35.54
-39.81,0,39.81
-29.74,0,29.74
-29.74,0,29.74
-29.74,0,29.74
-35.54,0,35.54
-35.54,0,35.54
-29.74,0,29.74
-29.74,0,29.74
-29.74,0,29.74
-29.74,0,29.74
-29.5,-7.07,30.5
-29.5,-7.07,30.5
-29.5,-7.07,30.5
-29.5,-7.07,30.5
-28.79,-13.93,32.57
-28.79,-13.93,32.57
-22.4,-14.71,27.25
-22.4,-14.71,27.25
-22.4,-14.71,27.25
-21.5,-21.5,31.22
-27.71,-20.41,35.54
-27.71,-20.41,35.54
-21.5,-21.5,31.22
-21.5,-21.5,31.22
-21.5,-21.5,31.22
-21.5,-21.5,31.22
-19.35,-19.35,27.94
-19.35,-19.35,27.94
-21.5,-21.5,31.22
-21.5,-21.5,31.22
-21.5,-21.5,31.22
-21.5,-21.5,31.22
-21.5,-21.5,31.22
-21.5,-21.5,31.22
-21.5,-21.5,31.22
-21.5,-21.5,31.22
-21.5,-21.5,31.22
-21.5,-21.5,31.22
-21.5,-21.5,31.22
-21.5,-21.5,31.22
-21.5,-21.5,31.22
-21.5,-21.5,31.22
-22.4,-14.71,27.25
-22.4,-14.71,27.25
-28.79,-13.93,32.57
-29.5,-7.07,30.5
-22.99,-7.48,24.31
-22.99,-7.48,24.31
-22.99,-7.48,24.31
-20.41,-6.68,21.57
-26.39,-6.38,27.27
-29.5,-7.07,30.5
-29.74,0,29.74
-29.74,0,29.74
-29.74,0,29.74
-29.74,0,29.74
-29.74,0,29.74
-29.74,0,29.74
-29.74,0,29.74
-29.74,0,29.74
-29.74,0,29.74
-29.74,0,29.74
-29.74,0,29.74
-29.74,0,29.74
-29.74,0,29.74
-29.74,0,29.74
-29.74,0,29.74
-35.26,6.63,36.07
-29.5,7.07,30.5
-29.74,0,29.74
-29.74,0,29.74
-29.5,7.07,30.5
-29.5,7.07,30.5
-29.5,7.07,30.5
-29.5,7.07,30.5
-29.74,0,29.74
-29.74,0,29.74
-29.74,0,29.74
-29.74,0,29.74
-29.74,0,29.74
-29.74,0,29.74
-29.5,7.07,30.5
-29.5,7.07,30.5
-26.57,0,26.57
-26.57,0,26.57
-26.57,0,26.57
-26.57,0,26.57
-29.74,0,29.74
-29.5,7.07,30.5
-29.74,0,29.74
-29.74,0,29.74
-29.74,0,29.74
-29.74,0,29.74
-29.74,0,29.74
-29.74,0,29.74
-23.2,0,23.2
-22.99,-7.48,24.31
-22.99,-7.48,24.31
-22.99,-7.48,24.31
-22.99,-7.48,24.31
-22.99,-7.48,24.31
-23.2,0,23.2
-22.99,-7.48,24.31
-20.41,-6.68,21.57
-20.41,-6.68,21.57
-20.41,-6.68,21.57
-13.93,-6.91,15.62
-13.93,-6.91,15.62
-13.93,-6.91,15.62
-13.93,-6.91,15.62
-13.93,-6.91,15.62
-13.63,-13.63,19.47
-13.63,-13.63,19.47
-13.63,-13.63,19.47
-13.17,-19.99,24.26
-13.17,-19.99,24.26
-13.17,-19.99,24.26
-13.17,-19.99,24.26
-13.17,-19.99,24.26
-13.17,-19.99,24.26
-13.17,-19.99,24.26
-13.63,-13.63,19.47
-13.63,-13.63,19.47
-13.63,-13.63,19.47
-13.63,-13.63,19.47
-13.63,-13.63,19.47
-13.63,-13.63,19.47
-13.63,-13.63,19.47
-19.99,-13.17,24.26
-20.41,-6.68,21.57
-20.41,-6.68,21.57
-22.99,-7.48,24.31
-22.99,-7.48,24.31
-22.99,-7.48,24.31
-20.41,-6.68,21.57
-22.99,-7.48,24.31
-29.5,-7.07,30.5
-29.5,-7.07,30.5
-29.5,-7.07,30.5
-29.74,0,29.74
-29.74,0,29.74
-29.74,0,29.74
-29.74,0,29.74
-29.74,0,29.74
-29.74,0,29.74
-29.74,0,29.74
-29.74,0,29.74
-29.74,0,29.74
-29.74,0,29.74
-29.74,0,29.74
-29.74,0,29.74
-29.74,0,29.74
-29.74,0,29.74
-29.74,0,29.74
-29.74,0,29.74
-29.74,0,29.74
-29.74,0,29.74
-29.74,0,29.74
-29.74,0,29.74
-29.74,0,29.74
-26.57,0,26.57
-26.57,0,26.57
-26.57,0,26.57
-20.56,0,20.56
-20.56,0,20.56
-26.57,0,26.57
-26.57,0,26.57
-26.57,0,26.57
-29.74,0,29.74
-29.74,0,29.74
-23.2,0,23.2
-23.2,0,23.2
-20.56,0,20.56
-20.56,0,20.56
-26.57,0,26.57
-26.57,0,26.57
-26.57,0,26.57
-26.57,0,26.57
-23.2,0,23.2
-23.2,0,23.2
-23.2,0,23.2
-29.74,0,29.74
-29.74,0,29.74
-29.74,0,29.74
-29.5,-7.07,30.5
-22.99,-7.48,24.31
-22.99,-7.48,24.31
-22.99,-7.48,24.31
-20.41,-6.68,21.57
-20.41,-6.68,21.57
-22.99,-7.48,24.31
-22.99,-7.48,24.31
-22.99,-7.48,24.31
-22.99,-7.48,24.31
-20.41,-6.68,21.57
-19.99,-13.17,24.26
-19.99,-13.17,24.26
-13.63,-13.63,19.47
-13.63,-13.63,19.47
-13.63,-13.63,19.47
-13.63,-13.63,19.47
-13.63,-13.63,19.47
-13.17,-19.99,24.26
-15.36,-15.36,22
-15.36,-15.36,22
-13.63,-13.63,19.47
-13.17,-19.99,24.26
-13.17,-19.99,24.26
-13.17,-19.99,24.26
-13.17,-19.99,24.26
-13.17,-19.99,24.26
-13.63,-13.63,19.47
-13.63,-13.63,19.47
-13.63,-13.63,19.47
-13.63,-13.63,19.47
-13.17,-19.99,24.26
-11.9,-18.02,21.83
-11.9,-18.02,21.83
-13.17,-19.99,24.26
-13.63,-13.63,19.47
-13.63,-13.63,19.47
-15.79,-7.82,17.72
-15.79,-7.82,17.72
-20.41,-6.68,21.57
-20.41,-6.68,21.57
-20.41,-6.68,21.57
-22.99,-7.48,24.31
-22.99,-7.48,24.31
-23.2,0,23.2
-23.2,0,23.2
-23.2,0,23.2
-23.2,0,23.2
-20.56,0,20.56
-26.57,0,26.57
-26.57,0,26.57
-26.57,0,26.57
-26.57,0,26.57
-20.56,0,20.56
-20.56,0,20.56
-29.74,0,29.74
-29.74,0,29.74
-23.2,0,23.2
-20.56,0,20.56
-20.56,0,20.56
-26.57,0,26.57
-26.57,0,26.57
-26.57,0,26.57
-29.74,0,29.74
-29.74,0,29.74
-29.74,0,29.74
-29.74,0,29.74
-29.74,0,29.74
-29.5,7.07,30.5
-29.5,7.07,30.5
-29.5,7.07,30.5
-29.5,7.07,30.5
-29.5,7.07,30.5
-29.5,7.07,30.5
-29.74,0,29.74
-29.74,0,29.74
-26.57,0,26.57
-26.57,0,26.57
-29.74,0,29.74
-20.56,0,20.56
-20.56,0,20.56
-20.56,0,20.56
-20.56,0,20.56
-23.2,0,23.2
-23.2,0,23.2
-23.2,0,23.2
-23.2,0,23.2
-23.2,0,23.2
-23.2,0,23.2
-23.2,0,23.2
-22.99,-7.48,24.31
-22.99,-7.48,24.31
-13.93,-6.91,15.62
-13.93,-6.91,15.62
-13.93,-6.91,15.62
-13.93,-6.91,15.62
-13.93,-6.91,15.62
-13.93,-6.91,15.62
-13.93,-6.91,15.62
-13.93,-6.91,15.62
-13.93,-6.91,15.62
-13.93,-6.91,15.62
-13.93,-6.91,15.62
-13.63,-13.63,19.47
-13.63,-13.63,19.47
-13.63,-13.63,19.47
-13.63,-13.63,19.47
-6.91,-13.93,15.62
-6.91,-13.93,15.62
-6.91,-13.93,15.62
-6.91,-13.93,15.62
-6.91,-13.93,15.62
-6.91,-13.93,15.62
-13.63,-13.63,19.47
-13.63,-13.63,19.47
-6.91,-13.93,15.62
-6.91,-13.93,15.62
-6.91,-13.93,15.62
-6.91,-13.93,15.62
-6.91,-13.93,15.62
-6.91,-13.93,15.62
-6.91,-13.93,15.62
-6.68,-20.41,21.57
-6.68,-20.41,21.57
-13.17,-19.99,24.26
-13.63,-13.63,19.47
-13.63,-13.63,19.47
-15.36,-15.36,22
-13.63,-13.63,19.47
-13.63,-13.63,19.47
-13.63,-13.63,19.47
-13.63,-13.63,19.47
-13.63,-13.63,19.47
-13.63,-13.63,19.47
-13.93,-6.91,15.62
-13.93,-6.91,15.62
-20.56,0,20.56
-20.41,-6.68,21.57
-20.41,-6.68,21.57
-20.41,-6.68,21.57
-23.2,0,23.2
-23.2,0,23.2
-23.2,0,23.2
-23.2,0,23.2
-23.2,0,23.2
-23.2,0,23.2
-20.56,0,20.56
-20.56,0,20.56
-29.74,0,29.74
-29.74,0,29.74
-29.74,0,29.74
-29.74,0,29.74
-23.2,0,23.2
-29.74,0,29.74
-26.57,0,26.57
-20.56,0,20.56
-26.57,0,26.57
-26.57,0,26.57
-26.57,0,26.57
-26.57,0,26.57
-29.74,0,29.74
-29.74,0,29.74
-29.74,0,29.74
-29.74,0,29.74
-29.74,0,29.74
-29.74,0,29.74
-29.74,0,29.74
-29.74,0,29.74
-29.74,0,29.74
-29.74,0,29.74
-26.57,0,26.57
-26.57,0,26.57
-26.57,0,26.57
-20.56,0,20.56
-20.56,0,20.56
-20.56,0,20.56
-20.56,0,20.56
-20.56,0,20.56
-20.56,0,20.56
-20.56,0,20.56
-20.56,0,20.56
-23.2,0,23.2
-23.2,0,23.2
-23.2,0,23.2
-23.2,0,23.2
-23.2,0,23.2
-20.41,-6.68,21.57
-20.41,-6.68,21.57
-20.41,-6.68,21.57
-20.41,-6.68,21.57
-20.41,-6.68,21.57
-20.41,-6.68,21.57
-20.41,-6.68,21.57
-20.41,-6.68,21.57
-20.41,-6.68,21.57
-13.93,-6.91,15.62
-13.93,-6.91,15.62
-13.93,-6.91,15.62
-13.93,-6.91,15.62
-13.93,-6.91,15.62
-13.93,-6.91,15.62
-13.93,-6.91,15.62
-13.63,-13.63,19.47
-13.63,-13.63,19.47
-13.63,-13.63,19.47
-13.63,-13.63,19.47
-13.63,-13.63,19.47
-13.63,-13.63,19.47
-13.63,-13.63,19.47
-13.63,-13.63,19.47
-6.19,-12.45,13.95
-6.19,-12.45,13.95
-13.63,-13.63,19.47
-13.63,-13.63,19.47
-13.93,-6.91,15.62
-13.93,-6.91,15.62
-13.93,-6.91,15.62
-13.93,-6.91,15.62
-13.93,-6.91,15.62
-13.93,-6.91,15.62
-13.93,-6.91,15.62
-13.93,-6.91,15.62
-20.41,-6.68,21.57
-20.41,-6.68,21.57
-20.41,-6.68,21.57
-20.41,-6.68,21.57
-20.41,-6.68,21.57
-20.41,-6.68,21.57
-20.41,-6.68,21.57
-20.41,-6.68,21.57
-20.41,-6.68,21.57
-20.41,-6.68,21.57
-20.56,0,20.56
-23.2,0,23.2
-23.2,0,23.2
-23.2,0,23.2
-20.56,0,20.56
-20.56,0,20.56
-20.56,0,20.56
-26.57,0,26.57
-29.74,0,29.74
-29.74,0,29.74
-29.74,0,29.74
-29.74,0,29.74
-29.74,0,29.74
-29.74,0,29.74
-29.74,0,29.74
-29.74,0,29.74
-29.74,0,29.74
-29.74,0,29.74
-29.74,0,29.74
-29.74,0,29.74
-29.74,0,29.74
-26.57,0,26.57
-26.57,0,26.57
-20.56,0,20.56
-20.56,0,20.56
-20.56,0,20.56
-20.56,0,20.56
-20.56,0,20.56
-20.56,0,20.56
-20.41,-6.68,21.57
-22.99,-7.48,24.31
-23.2,0,23.2
-23.2,0,23.2
-23.2,0,23.2
-23.2,0,23.2
-20.56,0,20.56
-20.56,0,20.56
-20.56,0,20.56
-20.56,0,20.56
-20.41,-6.68,21.57
-20.41,-6.68,21.57
-20.41,-6.68,21.57
-13.93,-6.91,15.62
-13.63,-13.63,19.47
-13.63,-13.63,19.47
-13.63,-13.63,19.47
-13.63,-13.63,19.47
-13.63,-13.63,19.47
-13.63,-13.63,19.47
-13.63,-13.63,19.47
-13.63,-13.63,19.47
-13.63,-13.63,19.47
-13.63,-13.63,19.47
-13.63,-13.63,19.47
-13.63,-13.63,19.47
-13.63,-13.63,19.47
-13.63,-13.63,19.47
-13.63,-13.63,19.47
-13.63,-13.63,19.47
-13.63,-13.63,19.47
-13.63,-13.63,19.47
-13.63,-13.63,19.47
-13.63,-13.63,19.47
-19.99,-13.17,24.26
-19.99,-13.17,24.26
-19.99,-13.17,24.26
-20.41,-6.68,21.57
-20.41,-6.68,21.57
-20.41,-6.68,21.57
-20.41,-6.68,21.57
-20.41,-6.68,21.57
-22.99,-7.48,24.31
-22.99,-7.48,24.31
-22.99,-7.48,24.31
-22.99,-7.48,24.31
-20.56,0,20.56
-20.56,0,20.56
-26.57,0,26.57
-26.57,0,26.57
-23.2,0,23.2
-23.2,0,23.2
-26.57,0,26.57
-26.57,0,26.57
-26.57,0,26.57
-26.57,0,26.57
-29.74,0,29.74
-29.74,0,29.74
-29.74,0,29.74
-29.74,0,29.74
-29.74,0,29.74
-29.74,0,29.74
-29.74,0,29.74
-29.74,0,29.74
-29.74,0,29.74
-29.74,0,29.74
-29.74,0,29.74
-29.74,0,29.74
-29.74,0,29.74
-29.74,0,29.74
-26.57,0,26.57
-26.57,0,26.57
-26.57,0,26.57
-29.74,0,29.74
-29.74,0,29.74
-29.74,0,29.74
-29.74,0,29.74
-29.74,0,29.74
-29.74,0,29.74
-29.74,0,29.74
-29.74,0,29.74
-26.57,0,26.57
-26.57,0,26.57
-20.56,0,20.56
-20.56,0,20.56
-20.56,0,20.56
-20.41,-6.68,21.57
-20.41,-6.68,21.57
-20.41,-6.68,21.57
-23.2,0,23.2
-23.2,0,23.2
-22.99,-7.48,24.31
-23.2,0,23.2
-22.99,-7.48,24.31
-22.99,-7.48,24.31
-22.99,-7.48,24.31
-22.4,-14.71,27.25
-22.99,-7.48,24.31
-20.41,-6.68,21.57
-20.41,-6.68,21.57
-13.63,-13.63,19.47
-13.63,-13.63,19.47
-13.63,-13.63,19.47
-13.63,-13.63,19.47
-13.63,-13.63,19.47
-13.63,-13.63,19.47
-13.63,-13.63,19.47
-13.63,-13.63,19.47
-13.63,-13.63,19.47
-13.63,-13.63,19.47
-13.63,-13.63,19.47
-13.63,-13.63,19.47
-13.63,-13.63,19.47
-13.63,-13.63,19.47
-19.99,-13.17,24.26
-20.41,-6.68,21.57
-20.41,-6.68,21.57
-20.41,-6.68,21.57
-20.41,-6.68,21.57
-22.99,-7.48,24.31
-22.99,-7.48,24.31
-22.99,-7.48,24.31
-20.41,-6.68,21.57
-20.41,-6.68,21.57
-20.41,-6.68,21.57
-20.41,-6.68,21.57
-20.41,-6.68,21.57
-20.56,0,20.56
-20.56,0,20.56
-20.56,0,20.56
-26.39,-6.38,27.27
-26.39,-6.38,27.27
-29.5,-7.07,30.5
-29.5,-7.07,30.5
-29.74,0,29.74
-29.74,0,29.74
-29.74,0,29.74
-29.74,0,29.74
-29.5,-7.07,30.5
-29.74,0,29.74
-29.74,0,29.74
-29.74,0,29.74
-29.74,0,29.74
-29.74,0,29.74
-29.74,0,29.74
-29.74,0,29.74
-29.74,0,29.74
-29.74,0,29.74
-29.74,0,29.74
-29.74,0,29.74
-29.74,0,29.74
-29.74,0,29.74
-29.74,0,29.74
-29.74,0,29.74
-29.74,0,29.74
-29.74,0,29.74
-29.74,0,29.74
-29.74,0,29.74
-29.74,0,29.74
-29.74,0,29.74
-29.74,0,29.74
-29.74,0,29.74
-29.74,0,29.74
-29.74,0,29.74
-29.74,0,29.74
-29.74,0,29.74
-29.74,0,29.74
-29.74,0,29.74
-29.74,0,29.74
-29.74,0,29.74
-26.57,0,26.57
-26.57,0,26.57
-29.74,0,29.74
-29.74,0,29.74
-29.74,0,29.74
-29.74,0,29.74
-29.74,0,29.74
-29.74,0,29.74
-29.74,0,29.74
-29.74,0,29.74
-29.74,0,29.74
-29.74,0,29.74
-29.74,0,29.74
-22.99,-7.48,24.31
-22.99,-7.48,24.31
-22.99,-7.48,24.31
-20.41,-6.68,21.57
-20.41,-6.68,21.57
-20.41,-6.68,21.57
-13.93,-6.91,15.62
-13.93,-6.91,15.62
-13.93,-6.91,15.62
-13.93,-6.91,15.62
-13.93,-6.91,15.62
-13.93,-6.91,15.62
