0.00,-14.04,14.04
0.00,-14.04,14.04
0.00,-14.04,14.04
-7.07,-7.07,10.02
-6.91,-13.93,15.62
-6.91,-13.93,15.62
0.00,-14.04,14.04
0.00,-14.04,14.04
0.00,-12.53,12.53
-7.07,-7.07,10.02
-7.07,-7.07,10.02
-7.07,-7.07,10.02
-7.07,-7.07,10.02
-7.07,-7.07,10.02
-7.07,-7.07,10.02
-7.07,-7.07,10.02
-7.07,-7.07,10.02
-7.07,-7.07,10.02
-14.04,0.00,14.04
-14.04,0.00,14.04
-14.04,0.00,14.04
-14.04,0.00,14.04
-14.04,0.00,14.04
-14.04,0.00,14.04
-14.04,0.00,14.04
-14.04,0.00,14.04
-14.04,0.00,14.04
-7.13,0.00,7.13
-14.04,0.00,14.04
-7.13,0.00,7.13
-7.07,-7.07,10.02
-7.13,0.00,7.13
-7.13,0.00,7.13
-14.04,0.00,14.04
-14.04,0.00,14.04
-14.04,0.00,14.04
-7.07,-7.07,10.02
-7.07,-7.07,10.02
-7.07,-7.07,10.02
-7.07,-7.07,10.02
-7.07,-7.07,10.02
-7.07,-7.07,10.02
-7.07,-7.07,10.02
-7.07,-7.07,10.02
-7.07,-7.07,10.02
-7.07,-7.07,10.02
-7.07,-7.07,10.02
-6.30,-6.30,8.93
-7.07,-7.07,10.02
-7.07,-7.07,10.02
-7.07,-7.07,10.02
-6.91,-13.93,15.62
-6.91,-13.93,15.62
-7.07,-7.07,10.02
-7.07,-7.07,10.02
-6.91,-13.93,15.62
-7.07,-7.07,10.02
-7.07,-7.07,10.02
-6.91,-13.93,15.62
-6.91,-13.93,15.62
-6.91,-13.93,15.62
-6.91,-13.93,15.62
-6.91,-13.93,15.62
-6.91,-13.93,15.62
-6.91,-13.93,15.62
-6.91,-13.93,15.62
-6.91,-13.93,15.62
-6.91,-13.93,15.62
-6.91,-13.93,15.62
-6.91,-13.93,15.62
-6.91,-13.93,15.62
-6.91,-13.93,15.62
-6.91,-13.93,15.62
-6.68,-20.41,21.57
-6.91,-13.93,15.62
-6.91,-13.93,15.62
-6.68,-20.41,21.57
-6.68,-20.41,21.57
-6.68,-20.41,21.57
0.00,-20.56,20.56
-6.68,-20.41,21.57
-6.68,-20.41,21.57
-6.68,-20.41,21.57
-6.91,-13.93,15.62
-6.91,-13.93,15.62
-6.91,-13.93,15.62
0.00,-14.04,14.04
0.00,-14.04,14.04
0.00,-14.04,14.04
0.00,-14.04,14.04
-6.91,-13.93,15.62
-6.91,-13.93,15.62
-6.91,-13.93,15.62
-6.91,-13.93,15.62
-6.91,-13.93,15.62
-6.91,-13.93,15.62
-6.91,-13.93,15.62
-6.91,-13.93,15.62
-6.91,-13.93,15.62
-6.91,-13.93,15.62
-6.91,-13.93,15.62
-6.91,-13.93,15.62
-6.91,-13.93,15.62
-6.91,-13.93,15.62
-6.91,-13.93,15.62
-6.91,-13.93,15.62
-6.91,-13.93,15.62
-6.91,-13.93,15.62
-7.07,-7.07,10.02
-7.07,-7.07,10.02
-7.07,-7.07,10.02
-7.07,-7.07,10.02
-7.07,-7.07,10.02
-6.91,-13.93,15.62
-6.91,-13.93,15.62
-7.07,-7.07,10.02
-6.91,-13.93,15.62
-6.91,-13.93,15.62
-7.07,-7.07,10.02
-13.93,-6.91,15.62
-14.04,0.00,14.04
-14.04,0.00,14.04
-7.07,-7.07,10.02
-7.07,-7.07,10.02
-13.93,-6.91,15.62
-14.04,0.00,14.04
-14.04,0.00,14.04
-14.04,0.00,14.04
-14.04,0.00,14.04
-14.04,0.00,14.04
-14.04,0.00,14.04
-14.04,0.00,14.04
-14.04,0.00,14.04
-14.04,0.00,14.04
-14.04,0.00,14.04
-14.04,0.00,14.04
-14.04,0.00,14.04
-14.04,0.00,14.04
-14.04,0.00,14.04
-14.04,0.00,14.04
-14.04,0.00,14.04
-14.04,0.00,14.04
-14.04,0.00,14.04
-14.04,0.00,14.04
-13.93,-6.91,15.62
-13.93,-6.91,15.62
-13.93,-6.91,15.62
-13.93,-6.91,15.62
-14.04,0.00,14.04
-7.07,-7.07,10.02
-7.07,-7.07,10.02
-7.07,-7.07,10.02
-7.07,-7.07,10.02
-7.07,-7.07,10.02
-13.93,-6.91,15.62
-13.93,-6.91,15.62
-13.63,-13.63,19.47
-6.91,-13.93,15.62
-6.91,-13.93,15.62
-6.91,-13.93,15.62
-6.91,-13.93,15.62
-6.91,-13.93,15.62
-6.91,-13.93,15.62
-6.91,-13.93,15.62
-7.07,-7.07,10.02
-13.93,-6.91,15.62
-6.91,-13.93,15.62
-7.07,-7.07,10.02
-6.91,-13.93,15.62
-6.91,-13.93,15.62
-6.91,-13.93,15.62
-6.91,-13.93,15.62
-6.91,-13.93,15.62
-6.68,-20.41,21.57
-6.68,-20.41,21.57
-6.68,-20.41,21.57
-6.68,-20.41,21.57
-6.68,-20.41,21.57
-6.68,-20.41,21.57
-6.68,-20.41,21.57
-6.68,-20.41,21.57
-6.68,-20.41,21.57
-6.68,-20.41,21.57
-6.68,-20.41,21.57
-6.68,-20.41,21.57
-6.68,-20.41,21.57
-6.68,-20.41,21.57
-6.68,-20.41,21.57
-6.68,-20.41,21.57
-6.68,-20.41,21.57
-6.68,-20.41,21.57
-6.91,-13.93,15.62
-6.68,-20.41,21.57
-6.68,-20.41,21.57
-6.68,-20.41,21.57
-6.68,-20.41,21.57
-6.68,-20.41,21.57
-6.68,-20.41,21.57
-6.68,-20.41,21.57
-6.91,-13.93,15.62
-15.79,-7.82,17.72
-6.91,-13.93,15.62
-6.91,-13.93,15.62
-6.91,-13.93,15.62
-6.91,-13.93,15.62
-6.02,-18.33,19.36
-6.68,-20.41,21.57
-6.91,-13.93,15.62
-15.79,-7.82,17.72
-15.79,-7.82,17.72
-15.36,-15.36,22.00
-13.63,-13.63,19.47
-6.91,-13.93,15.62
-6.91,-13.93,15.62
-13.93,-6.91,15.62
-13.93,-6.91,15.62
-13.93,-6.91,15.62
-13.93,-6.91,15.62
-13.93,-6.91,15.62
-13.63,-13.63,19.47
-13.63,-13.63,19.47
-13.63,-13.63,19.47
-13.93,-6.91,15.62
-13.93,-6.91,15.62
-13.93,-6.91,15.62
-13.93,-6.91,15.62
-13.93,-6.91,15.62
-13.93,-6.91,15.62
-13.93,-6.91,15.62
-13.93,-6.91,15.62
-13.93,-6.91,15.62
-13.93,-6.91,15.62
-13.93,-6.91,15.62
-14.04,0.00,14.04
-14.04,0.00,14.04
-14.04,0.00,14.04
-14.04,0.00,14.04
-14.04,0.00,14.04
-14.04,0.00,14.04
-14.04,0.00,14.04
-14.04,0.00,14.04
-14.04,0.00,14.04
-14.04,0.00,14.04
-14.04,0.00,14.04
-14.04,0.00,14.04
-14.04,0.00,14.04
-14.04,0.00,14.04
-14.04,0.00,14.04
-14.04,0.00,14.04
-14.04,0.00,14.04
-14.04,0.00,14.04
-14.04,0.00,14.04
-13.93,-6.91,15.62
-13.93,-6.91,15.62
-13.93,-6.91,15.62
-13.93,-6.91,15.62
-14.04,0.00,14.04
-14.04,0.00,14.04
-15.95,0.00,15.95
-15.95,0.00,15.95
-13.93,-6.91,15.62
-6.91,-13.93,15.62
-6.91,-13.93,15.62
-6.91,-13.93,15.62
-7.07,-7.07,10.02
-7.07,-7.07,10.02
-6.91,-13.93,15.62
-6.91,-13.93,15.62
-6.91,-13.93,15.62
-6.19,-12.45,13.95
-6.19,-12.45,13.95
-6.91,-13.93,15.62
-6.91,-13.93,15.62
-6.91,-13.93,15.62
-6.91,-13.93,15.62
-6.91,-13.93,15.62
-6.91,-13.93,15.62
-6.91,-13.93,15.62
-6.91,-13.93,15.62
-6.91,-13.93,15.62
-6.91,-13.93,15.62
-6.91,-13.93,15.62
-6.68,-20.41,21.57
-6.68,-20.41,21.57
-6.38,-26.39,27.27
-6.68,-20.41,21.57
-6.68,-20.41,21.57
-6.68,-20.41,21.57
-6.91,-13.93,15.62
-6.68,-20.41,21.57
0.00,-20.56,20.56
0.00,-20.56,20.56
0.00,-20.56,20.56
0.00,-20.56,20.56
-6.68,-20.41,21.57
-6.68,-20.41,21.57
0.00,-20.56,20.56
0.00,-20.56,20.56
0.00,-20.56,20.56
0.00,-20.56,20.56
0.00,-20.56,20.56
-6.68,-20.41,21.57
-6.68,-20.41,21.57
-6.91,-13.93,15.62
-6.91,-13.93,15.62
0.00,-20.56,20.56
0.00,-20.56,20.56
0.00,-18.43,18.43
-6.68,-20.41,21.57
-6.91,-13.93,15.62
-6.91,-13.93,15.62
-6.91,-13.93,15.62
-6.91,-13.93,15.62
-6.91,-13.93,15.62
-6.91,-13.93,15.62
-6.91,-13.93,15.62
-6.91,-13.93,15.62
-7.07,-7.07,10.02
-13.93,-6.91,15.62
-6.91,-13.93,15.62
-6.91,-13.93,15.62
-6.91,-13.93,15.62
-6.91,-13.93,15.62
-13.93,-6.91,15.62
-13.93,-6.91,15.62
-13.93,-6.91,15.62
-7.07,-7.07,10.02
-7.07,-7.07,10.02
-6.19,-12.45,13.95
-6.19,-12.45,13.95
-6.19,-12.45,13.95
-6.30,-6.30,8.93
-13.93,-6.91,15.62
-13.93,-6.91,15.62
-13.93,-6.91,15.62
-13.93,-6.91,15.62
-13.93,-6.91,15.62
-14.04,0.00,14.04
-14.04,0.00,14.04
-14.04,0.00,14.04
-14.04,0.00,14.04
-14.04,0.00,14.04
-14.04,0.00,14.04
-14.04,0.00,14.04
-14.04,0.00,14.04
-14.04,0.00,14.04
-14.04,0.00,14.04
-14.04,0.00,14.04
-14.04,0.00,14.04
-14.04,0.00,14.04
-14.04,0.00,14.04
-14.04,0.00,14.04
-13.93,6.91,15.62
-14.04,0.00,14.04
-14.04,0.00,14.04
-20.56,0.00,20.56
-20.56,0.00,20.56
-20.56,0.00,20.56
-20.56,0.00,20.56
-20.56,0.00,20.56
-14.04,0.00,14.04
-14.04,0.00,14.04
-14.04,0.00,14.04
-14.04,0.00,14.04
-7.13,0.00,7.13
-7.13,0.00,7.13
-6.34,0.00,6.34
-14.04,0.00,14.04
-14.04,0.00,14.04
-13.93,-6.91,15.62
-13.93,-6.91,15.62
-7.07,-7.07,10.02
-7.07,-7.07,10.02
-7.07,-7.07,10.02
-7.07,-7.07,10.02
-13.93,-6.91,15.62
-7.07,-7.07,10.02
-6.91,-13.93,15.62
-6.91,-13.93,15.62
-7.07,-7.07,10.02
-7.07,-7.07,10.02
-13.93,-6.91,15.62
-13.93,-6.91,15.62
-7.07,-7.07,10.02
-6.91,-13.93,15.62
-6.19,-12.45,13.95
-6.19,-12.45,13.95
-6.91,-13.93,15.62
-6.91,-13.93,15.62
-6.91,-13.93,15.62
-6.91,-13.93,15.62
-6.91,-13.93,15.62
-6.91,-13.93,15.62
-6.91,-13.93,15.62
-6.91,-13.93,15.62
-6.91,-13.93,15.62
-6.91,-13.93,15.62
-6.91,-13.93,15.62
-6.91,-13.93,15.62
-6.91,-13.93,15.62
-7.07,-7.07,10.02
-7.07,-7.07,10.02
-6.91,-13.93,15.62
0.00,-14.04,14.04
0.00,-14.04,14.04
0.00,-14.04,14.04
0.00,-14.04,14.04
-6.91,-13.93,15.62
-6.91,-13.93,15.62
-6.91,-13.93,15.62
-6.91,-13.93,15.62
-6.91,-13.93,15.62
0.00,-12.53,12.53
0.00,-12.53,12.53
-6.19,-12.45,13.95
-7.07,-7.07,10.02
-7.07,-7.07,10.02
-7.07,-7.07,10.02
-6.91,-13.93,15.62
-6.91,-13.93,15.62
-6.19,-12.45,13.95
-6.91,-13.93,15.62
-6.91,-13.93,15.62
-7.07,-7.07,10.02
-13.93,-6.91,15.62
-7.07,-7.07,10.02
-6.91,-13.93,15.62
-6.91,-13.93,15.62
-6.91,-13.93,15.62
-6.91,-13.93,15.62
-13.93,-6.91,15.62
-13.93,-6.91,15.62
-13.93,-6.91,15.62
-13.93,-6.91,15.62
-7.07,-7.07,10.02
-7.07,-7.07,10.02
-7.07,-7.07,10.02
-13.93,-6.91,15.62
-7.07,-7.07,10.02
-7.07,-7.07,10.02
-7.07,-7.07,10.02
-7.07,-7.07,10.02
-7.07,-7.07,10.02
-13.93,-6.91,15.62
-14.04,0.00,14.04
-14.04,0.00,14.04
-14.04,0.00,14.04
-14.04,0.00,14.04
-13.93,-6.91,15.62
-13.93,-6.91,15.62
-13.93,-6.91,15.62
-13.93,-6.91,15.62
-13.93,-6.91,15.62
-13.93,-6.91,15.62
-14.04,0.00,14.04
-14.04,0.00,14.04
-14.04,0.00,14.04
-13.93,6.91,15.62
-13.93,6.91,15.62
-13.93,6.91,15.62
-14.04,0.00,14.04
-14.04,0.00,14.04
-14.04,0.00,14.04
-14.04,0.00,14.04
-14.04,0.00,14.04
-14.04,0.00,14.04
-14.04,0.00,14.04
-14.04,0.00,14.04
-14.04,0.00,14.04
-14.04,0.00,14.04
-14.04,0.00,14.04
-14.04,0.00,14.04
-14.04,0.00,14.04
-14.04,0.00,14.04
-13.93,-6.91,15.62
-13.93,-6.91,15.62
-7.07,-7.07,10.02
-7.07,-7.07,10.02
-13.93,-6.91,15.62
-13.93,-6.91,15.62
-13.93,-6.91,15.62
-7.07,-7.07,10.02
-7.07,-7.07,10.02
-7.07,-7.07,10.02
-7.07,-7.07,10.02
-7.07,-7.07,10.02
-7.07,-7.07,10.02
-7.07,-7.07,10.02
-6.91,-13.93,15.62
-6.91,-13.93,15.62
-6.91,-13.93,15.62
-7.07,-7.07,10.02
-7.07,-7.07,10.02
-7.07,-7.07,10.02
-7.07,-7.07,10.02
0.00,-14.04,14.04
0.00,-12.53,12.53
0.00,-12.53,12.53
0.00,-14.04,14.04
0.00,-14.04,14.04
0.00,-14.04,14.04
0.00,-14.04,14.04
0.00,-14.04,14.04
0.00,-14.04,14.04
0.00,-12.53,12.53
0.00,-12.53,12.53
0.00,-12.53,12.53
0.00,-12.53,12.53
0.00,-12.53,12.53
0.00,-18.43,18.43
0.00,-14.04,14.04
0.00,-14.04,14.04
0.00,-14.04,14.04
0.00,-14.04,14.04
0.00,-14.04,14.04
0.00,-14.04,14.04
0.00,-14.04,14.04
0.00,-14.04,14.04
0.00,-7.13,7.13
0.00,-7.13,7.13
0.00,-14.04,14.04
0.00,-14.04,14.04
0.00,-14.04,14.04
0.00,-12.53,12.53
0.00,-18.43,18.43
0.00,-14.04,14.04
0.00,-7.13,7.13
-7.07,-7.07,10.02
0.00,-14.04,14.04
0.00,-12.53,12.53
0.00,-12.53,12.53
-6.91,-13.93,15.62
-6.91,-13.93,15.62
-7.07,-7.07,10.02
-7.07,-7.07,10.02
-7.07,-7.07,10.02
-7.07,-7.07,10.02
-6.91,-13.93,15.62
-6.91,-13.93,15.62
-6.91,-13.93,15.62
-6.91,-13.93,15.62
-13.93,-6.91,15.62
-15.79,-7.82,17.72
-13.63,-13.63,19.47
-6.91,-13.93,15.62
-6.91,-13.93,15.62
-6.91,-13.93,15.62
-13.93,-6.91,15.62
-14.04,0.00,14.04
-14.04,0.00,14.04
-13.93,-6.91,15.62
-7.07,-7.07,10.02
-6.30,-6.30,8.93
-6.30,-6.30,8.93
-14.04,0.00,14.04
-14.04,0.00,14.04
-14.04,0.00,14.04
-14.04,0.00,14.04
-14.04,0.00,14.04
-14.04,0.00,14.04
-14.04,0.00,14.04
-14.04,0.00,14.04
-14.04,0.00,14.04
-14.04,0.00,14.04
-14.04,0.00,14.04
-14.04,0.00,14.04
-14.04,0.00,14.04
-12.45,-6.19,13.95
-14.04,0.00,14.04
-14.04,0.00,14.04
-14.04,0.00,14.04
-14.04,0.00,14.04
-14.04,0.00,14.04
-14.04,0.00,14.04
-14.04,0.00,14.04
-14.04,0.00,14.04
-14.04,0.00,14.04
-14.04,0.00,14.04
-14.04,0.00,14.04
-14.04,0.00,14.04
-14.04,0.00,14.04
-14.04,0.00,14.04
-14.04,0.00,14.04
-14.04,0.00,14.04
-13.93,-6.91,15.62
-7.07,-7.07,10.02
-13.93,-6.91,15.62
-13.93,-6.91,15.62
-13.93,-6.91,15.62
-13.63,-13.63,19.47
-13.63,-13.63,19.47
-13.63,-13.63,19.47
-13.93,-6.91,15.62
-13.93,-6.91,15.62
-13.63,-13.63,19.47
-6.91,-13.93,15.62
-6.91,-13.93,15.62
-6.91,-13.93,15.62
-6.91,-13.93,15.62
-6.91,-13.93,15.62
-6.91,-13.93,15.62
-6.91,-13.93,15.62
-6.91,-13.93,15.62
-6.91,-13.93,15.62
-6.91,-13.93,15.62
-6.91,-13.93,15.62
0.00,-14.04,14.04
0.00,-14.04,14.04
-6.91,-13.93,15.62
-6.91,-13.93,15.62
-6.91,-13.93,15.62
-6.91,-13.93,15.62
-6.91,-13.93,15.62
-6.91,-13.93,15.62
-6.91,-13.93,15.62
-6.91,-13.93,15.62
-6.91,-13.93,15.62
-6.91,-13.93,15.62
-6.91,-13.93,15.62
0.00,-14.04,14.04
0.00,-14.04,14.04
0.00,-14.04,14.04
0.00,-14.04,14.04
0.00,-14.04,14.04
0.00,-14.04,14.04
0.00,-14.04,14.04
0.00,-14.04,14.04
0.00,-14.04,14.04
0.00,-20.56,20.56
0.00,-20.56,20.56
0.00,-20.56,20.56
0.00,-14.04,14.04
0.00,-14.04,14.04
0.00,-14.04,14.04
0.00,-20.56,20.56
0.00,-18.43,18.43
0.00,-18.43,18.43
0.00,-20.56,20.56
0.00,-20.56,20.56
0.00,-20.56,20.56
0.00,-14.04,14.04
0.00,-14.04,14.04
0.00,-14.04,14.04
0.00,-14.04,14.04
0.00,-14.04,14.04
0.00,-14.04,14.04
0.00,-14.04,14.04
0.00,-14.04,14.04
0.00,-14.04,14.04
0.00,-14.04,14.04
0.00,-14.04,14.04
0.00,-14.04,14.04
0.00,-14.04,14.04
-6.91,-13.93,15.62
-6.91,-13.93,15.62
-6.91,-13.93,15.62
-6.91,-13.93,15.62
-6.91,-13.93,15.62
0.00,-14.04,14.04
0.00,-14.04,14.04
-6.91,-13.93,15.62
-6.91,-13.93,15.62
-6.91,-13.93,15.62
-7.07,-7.07,10.02
-7.07,-7.07,10.02
-7.07,-7.07,10.02
-7.07,-7.07,10.02
-7.07,-7.07,10.02
-7.07,-7.07,10.02
-7.07,-7.07,10.02
-13.93,-6.91,15.62
-13.93,-6.91,15.62
-13.93,-6.91,15.62
-14.04,0.00,14.04
-13.93,-6.91,15.62
-14.04,0.00,14.04
-14.04,0.00,14.04
-13.93,-6.91,15.62
-13.93,-6.91,15.62
-13.93,-6.91,15.62
-13.93,-6.91,15.62
-13.93,-6.91,15.62
-14.04,0.00,14.04
-14.04,0.00,14.04
-14.04,0.00,14.04
-14.04,0.00,14.04
-14.04,0.00,14.04
-14.04,0.00,14.04
-14.04,0.00,14.04
-14.04,0.00,14.04
-14.04,0.00,14.04
-14.04,0.00,14.04
-13.93,-6.91,15.62
-13.93,-6.91,15.62
-13.93,-6.91,15.62
-13.93,-6.91,15.62
-13.93,-6.91,15.62
-13.93,-6.91,15.62
-13.93,-6.91,15.62
-7.07,-7.07,10.02
-7.07,-7.07,10.02
-7.07,-7.07,10.02
-7.07,-7.07,10.02
-7.07,-7.07,10.02
-13.93,-6.91,15.62
-13.93,-6.91,15.62
-13.63,-13.63,19.47
-6.91,-13.93,15.62
-6.91,-13.93,15.62
-6.91,-13.93,15.62
-6.91,-13.93,15.62
-6.91,-13.93,15.62
-6.91,-13.93,15.62
-6.91,-13.93,15.62
-6.91,-13.93,15.62
-6.91,-13.93,15.62
-6.91,-13.93,15.62
-6.91,-13.93,15.62
-6.91,-13.93,15.62
0.00,-14.04,14.04
0.00,-14.04,14.04
0.00,-14.04,14.04
0.00,-14.04,14.04
0.00,-14.04,14.04
0.00,-14.04,14.04
0.00,-20.56,20.56
0.00,-14.04,14.04
0.00,-14.04,14.04
0.00,-14.04,14.04
0.00,-14.04,14.04
0.00,-20.56,20.56
0.00,-14.04,14.04
0.00,-14.04,14.04
0.00,-20.56,20.56
0.00,-20.56,20.56
0.00,-20.56,20.56
0.00,-14.04,14.04
0.00,-14.04,14.04
0.00,-14.04,14.04
0.00,-14.04,14.04
0.00,-14.04,14.04
0.00,-14.04,14.04
0.00,-14.04,14.04
0.00,-14.04,14.04
0.00,-14.04,14.04
0.00,-14.04,14.04
0.00,-14.04,14.04
0.00,-20.56,20.56
0.00,-14.04,14.04
0.00,-14.04,14.04
0.00,-14.04,14.04
0.00,-14.04,14.04
0.00,-14.04,14.04
0.00,-20.56,20.56
0.00,-14.04,14.04
0.00,-14.04,14.04
0.00,-14.04,14.04
0.00,-14.04,14.04
0.00,-14.04,14.04
0.00,-14.04,14.04
0.00,-14.04,14.04
-6.91,-13.93,15.62
-6.91,-13.93,15.62
-6.91,-13.93,15.62
-6.91,-13.93,15.62
-7.07,-7.07,10.02
-6.91,-13.93,15.62
-6.91,-13.93,15.62
-6.91,-13.93,15.62
-6.91,-13.93,15.62
-6.91,-13.93,15.62
-6.91,-13.93,15.62
-6.91,-13.93,15.62
-7.07,-7.07,10.02
-7.07,-7.07,10.02
-7.07,-7.07,10.02
-7.07,-7.07,10.02
-7.07,-7.07,10.02
-7.07,-7.07,10.02
-6.19,-12.45,13.95
-6.19,-12.45,13.95
-6.19,-12.45,13.95
-7.07,-7.07,10.02
-14.04,0.00,14.04
-14.04,0.00,14.04
-7.13,0.00,7.13
-7.07,-7.07,10.02
-7.07,-7.07,10.02
-6.19,-12.45,13.95
-6.30,-6.30,8.93
-14.04,0.00,14.04
-14.04,0.00,14.04
-14.04,0.00,14.04
-20.56,0.00,20.56
-20.56,0.00,20.56
-14.04,0.00,14.04
-14.04,0.00,14.04
-14.04,0.00,14.04
-14.04,0.00,14.04
-14.04,0.00,14.04
-14.04,0.00,14.04
-14.04,0.00,14.04
-14.04,0.00,14.04
-14.04,0.00,14.04
-14.04,0.00,14.04
-14.04,0.00,14.04
-14.04,0.00,14.04
-14.04,0.00,14.04
-14.04,0.00,14.04
-7.07,-7.07,10.02
-6.91,-13.93,15.62
-6.30,-6.30,8.93
-7.07,-7.07,10.02
-7.07,-7.07,10.02
-7.07,-7.07,10.02
-6.91,-13.93,15.62
-6.68,-20.41,21.57
-6.68,-20.41,21.57
-6.91,-13.93,15.62
-6.91,-13.93,15.62
-6.91,-13.93,15.62
0.00,-14.04,14.04
0.00,-14.04,14.04
0.00,-14.04,14.04
0.00,-14.04,14.04
0.00,-14.04,14.04
0.00,-20.56,20.56
0.00,-14.04,14.04
0.00,-14.04,14.04
0.00,-14.04,14.04
0.00,-14.04,14.04
0.00,-20.56,20.56
0.00,-20.56,20.56
0.00,-18.43,18.43
0.00,-18.43,18.43
0.00,-20.56,20.56
0.00,-14.04,14.04
0.00,-14.04,14.04
0.00,-14.04,14.04
0.00,-20.56,20.56
0.00,-20.56,20.56
0.00,-18.43,18.43
0.00,-12.53,12.53
0.00,-12.53,12.53
0.00,-14.04,14.04
0.00,-14.04,14.04
0.00,-14.04,14.04
0.00,-14.04,14.04
0.00,-14.04,14.04
0.00,-12.53,12.53
0.00,-12.53,12.53
0.00,-14.04,14.04
0.00,-14.04,14.04
0.00,-14.04,14.04
0.00,-14.04,14.04
0.00,-14.04,14.04
0.00,-20.56,20.56
0.00,-18.43,18.43
0.00,-18.43,18.43
0.00,-14.04,14.04
0.00,-14.04,14.04
0.00,-7.13,7.13
0.00,-14.04,14.04
0.00,-14.04,14.04
0.00,-12.53,12.53
0.00,-12.53,12.53
0.00,-14.04,14.04
0.00,-14.04,14.04
0.00,-14.04,14.04
0.00,-14.04,14.04
0.00,-14.04,14.04
0.00,-14.04,14.04
0.00,-14.04,14.04
0.00,-14.04,14.04
-6.91,-13.93,15.62
-6.91,-13.93,15.62
-6.91,-13.93,15.62
-6.91,-13.93,15.62
-6.91,-13.93,15.62
-6.91,-13.93,15.62
-6.91,-13.93,15.62
-6.91,-13.93,15.62
-7.07,-7.07,10.02
-7.07,-7.07,10.02
-7.07,-7.07,10.02
-7.07,-7.07,10.02
-6.91,-13.93,15.62
-6.91,-13.93,15.62
-7.07,-7.07,10.02
-7.07,-7.07,10.02
-7.07,-7.07,10.02
-7.07,-7.07,10.02
-6.91,-13.93,15.62
-6.91,-13.93,15.62
-7.07,-7.07,10.02
-7.07,-7.07,10.02
-7.07,-7.07,10.02
-7.07,-7.07,10.02
-7.07,-7.07,10.02
-7.07,-7.07,10.02
-7.07,-7.07,10.02
-7.13,0.00,7.13
-7.13,0.00,7.13
-7.07,-7.07,10.02
-7.07,-7.07,10.02
-7.07,-7.07,10.02
-7.07,-7.07,10.02
-7.07,-7.07,10.02
-7.07,-7.07,10.02
-7.07,-7.07,10.02
-7.13,0.00,7.13
-7.13,0.00,7.13
-7.13,0.00,7.13
-7.07,-7.07,10.02
-7.07,-7.07,10.02
-7.07,-7.07,10.02
-7.07,-7.07,10.02
-7.07,-7.07,10.02
-7.07,-7.07,10.02
-7.07,-7.07,10.02
-7.07,-7.07,10.02
-7.07,-7.07,10.02
-6.91,-13.93,15.62
-6.91,-13.93,15.62
-7.07,-7.07,10.02
-7.07,-7.07,10.02
-6.91,-13.93,15.62
-6.91,-13.93,15.62
-6.91,-13.93,15.62
-6.91,-13.93,15.62
-6.91,-13.93,15.62
-6.91,-13.93,15.62
-6.91,-13.93,15.62
-6.91,-13.93,15.62
-6.91,-13.93,15.62
-6.91,-13.93,15.62
0.00,-14.04,14.04
0.00,-14.04,14.04
-6.91,-13.93,15.62
-6.91,-13.93,15.62
-6.91,-13.93,15.62
0.00,-14.04,14.04
0.00,-14.04,14.04
0.00,-14.04,14.04
0.00,-14.04,14.04
0.00,-14.04,14.04
0.00,-14.04,14.04
0.00,-14.04,14.04
0.00,-14.04,14.04
0.00,-14.04,14.04
0.00,-14.04,14.04
0.00,-14.04,14.04
0.00,-20.56,20.56
0.00,-20.56,20.56
0.00,-20.56,20.56
0.00,-20.56,20.56
0.00,-20.56,20.56
0.00,-20.56,20.56
0.00,-20.56,20.56
0.00,-20.56,20.56
0.00,-20.56,20.56
0.00,-20.56,20.56
0.00,-18.43,18.43
0.00,-18.43,18.43
0.00,-20.56,20.56
0.00,-14.04,14.04
-6.91,-13.93,15.62
0.00,-14.04,14.04
0.00,-14.04,14.04
0.00,-18.43,18.43
0.00,-18.43,18.43
0.00,-14.04,14.04
0.00,-14.04,14.04
-6.91,-13.93,15.62
-6.91,-13.93,15.62
0.00,-14.04,14.04
0.00,-14.04,14.04
0.00,-14.04,14.04
0.00,-14.04,14.04
-6.91,-13.93,15.62
-6.91,-13.93,15.62
-7.07,-7.07,10.02
-6.91,-13.93,15.62
-6.91,-13.93,15.62
-6.91,-13.93,15.62
-6.02,-18.33,19.36
0.00,-18.43,18.43
-6.91,-13.93,15.62
-7.07,-7.07,10.02
-13.93,-6.91,15.62
-13.93,-6.91,15.62
-6.91,-13.93,15.62
-7.07,-7.07,10.02
-7.07,-7.07,10.02
-7.07,-7.07,10.02
-7.07,-7.07,10.02
-6.91,-13.93,15.62
-6.91,-13.93,15.62
-6.91,-13.93,15.62
-7.07,-7.07,10.02
-7.07,-7.07,10.02
-7.07,-7.07,10.02
-6.91,-13.93,15.62
-6.91,-13.93,15.62
-6.91,-13.93,15.62
-7.07,-7.07,10.02
-7.07,-7.07,10.02
-7.07,-7.07,10.02
-6.91,-13.93,15.62
-6.91,-13.93,15.62
-6.19,-12.45,13.95
-7.07,-7.07,10.02
-7.07,-7.07,10.02
-6.91,-13.93,15.62
-7.07,-7.07,10.02
-7.07,-7.07,10.02
-7.07,-7.07,10.02
-7.07,-7.07,10.02
-7.07,-7.07,10.02
-7.07,-7.07,10.02
-7.07,-7.07,10.02
-7.07,-7.07,10.02
-7.07,-7.07,10.02
-7.07,-7.07,10.02
-7.07,-7.07,10.02
-6.91,-13.93,15.62
-6.91,-13.93,15.62
-6.91,-13.93,15.62
-6.91,-13.93,15.62
-6.91,-13.93,15.62
-6.91,-13.93,15.62
-6.91,-13.93,15.62
-6.68,-20.41,21.57
-6.68,-20.41,21.57
0.00,-20.56,20.56
0.00,-20.56,20.56
0.00,-14.04,14.04
-6.91,-13.93,15.62
-6.91,-13.93,15.62
-6.68,-20.41,21.57
-6.68,-20.41,21.57
0.00,-20.56,20.56
0.00,-20.56,20.56
0.00,-20.56,20.56
0.00,-14.04,14.04
0.00,-14.04,14.04
0.00,-20.56,20.56
0.00,-20.56,20.56
0.00,-20.56,20.56
0.00,-20.56,20.56
0.00,-20.56,20.56
0.00,-20.56,20.56
0.00,-20.56,20.56
0.00,-20.56,20.56
0.00,-20.56,20.56
0.00,-20.56,20.56
0.00,-20.56,20.56
0.00,-20.56,20.56
0.00,-20.56,20.56
0.00,-20.56,20.56
0.00,-20.56,20.56
0.00,-20.56,20.56
0.00,-20.56,20.56
0.00,-14.04,14.04
0.00,-14.04,14.04
0.00,-14.04,14.04
0.00,-14.04,14.04
0.00,-14.04,14.04
0.00,-14.04,14.04
0.00,-12.53,12.53
0.00,-14.04,14.04
0.00,-14.04,14.04
0.00,-14.04,14.04
0.00,-14.04,14.04
0.00,-14.04,14.04
0.00,-14.04,14.04
0.00,-18.43,18.43
0.00,-18.43,18.43
0.00,-20.56,20.56
-6.91,-13.93,15.62
-6.91,-13.93,15.62
-7.82,-15.79,17.72
-6.91,-13.93,15.62
-6.91,-13.93,15.62
-6.02,-18.33,19.36
-6.68,-20.41,21.57
-6.91,-13.93,15.62
-13.93,-6.91,15.62
-13.93,-6.91,15.62
-13.93,-6.91,15.62
-13.93,-6.91,15.62
-6.19,-12.45,13.95
-6.19,-12.45,13.95
-6.91,-13.93,15.62
-13.63,-13.63,19.47
-13.93,-6.91,15.62
-14.04,0.00,14.04
-14.04,0.00,14.04
-14.04,0.00,14.04
-6.30,-6.30,8.93
-12.45,-6.19,13.95
-14.04,0.00,14.04
-14.04,0.00,14.04
-14.04,0.00,14.04
-14.04,0.00,14.04
-14.04,0.00,14.04
-14.04,0.00,14.04
-14.04,0.00,14.04
-14.04,0.00,14.04
-14.04,0.00,14.04
-14.04,0.00,14.04
-14.04,0.00,14.04
-14.04,0.00,14.04
-20.56,0.00,20.56
-20.56,0.00,20.56
-14.04,0.00,14.04
-13.93,6.91,15.62
-14.04,0.00,14.04
-14.04,0.00,14.04
-13.93,6.91,15.62
-20.41,6.68,21.57
-20.56,0.00,20.56
-20.56,0.00,20.56
-14.04,0.00,14.04
-14.04,0.00,14.04
-14.04,0.00,14.04
-14.04,0.00,14.04
-12.53,0.00,12.53
-14.04,0.00,14.04
-14.04,0.00,14.04
-20.56,0.00,20.56
-14.04,0.00,14.04
-14.04,0.00,14.04
-7.13,0.00,7.13
-6.34,0.00,6.34
-7.13,0.00,7.13
-7.13,0.00,7.13
-14.04,0.00,14.04
-13.93,-6.91,15.62
-13.93,-6.91,15.62
-6.91,-13.93,15.62
-6.91,-13.93,15.62
-7.07,-7.07,10.02
-7.07,-7.07,10.02
-7.07,-7.07,10.02
-7.07,-7.07,10.02
-7.07,-7.07,10.02
-6.91,-13.93,15.62
0.00,-14.04,14.04
0.00,-12.53,12.53
0.00,-6.34,6.34
0.00,-7.13,7.13
-7.07,-7.07,10.02
-7.07,-7.07,10.02
-6.91,-13.93,15.62
0.00,-14.04,14.04
0.00,-14.04,14.04
0.00,-14.04,14.04
0.00,-14.04,14.04
0.00,-14.04,14.04
0.00,-14.04,14.04
0.00,-14.04,14.04
0.00,-14.04,14.04
0.00,-14.04,14.04
0.00,-14.04,14.04
0.00,-14.04,14.04
-6.91,-13.93,15.62
-6.91,-13.93,15.62
-6.91,-13.93,15.62
0.00,-14.04,14.04
0.00,-20.56,20.56
0.00,-14.04,14.04
0.00,-14.04,14.04
0.00,-14.04,14.04
0.00,-14.04,14.04
0.00,-14.04,14.04
0.00,-14.04,14.04
0.00,-14.04,14.04
0.00,-12.53,12.53
0.00,-12.53,12.53
0.00,-12.53,12.53
0.00,-12.53,12.53
0.00,-14.04,14.04
0.00,-14.04,14.04
0.00,-14.04,14.04
0.00,-14.04,14.04
0.00,-18.43,18.43
0.00,-18.43,18.43
0.00,-18.43,18.43
0.00,-18.43,18.43
0.00,-14.04,14.04
0.00,-14.04,14.04
0.00,-14.04,14.04
0.00,-14.04,14.04
0.00,-12.53,12.53
0.00,-12.53,12.53
0.00,-12.53,12.53
0.00,-12.53,12.53
-6.91,-13.93,15.62
-7.07,-7.07,10.02
-6.91,-13.93,15.62
0.00,-14.04,14.04
0.00,-12.53,12.53
0.00,-12.53,12.53
-6.19,-12.45,13.95
-6.91,-13.93,15.62
-6.91,-13.93,15.62
-7.07,-7.07,10.02
-7.07,-7.07,10.02
-7.07,-7.07,10.02
-7.07,-7.07,10.02
-7.07,-7.07,10.02
-7.07,-7.07,10.02
-13.93,-6.91,15.62
-13.93,-6.91,15.62
-13.93,-6.91,15.62
-13.93,-6.91,15.62
-13.93,-6.91,15.62
-7.07,-7.07,10.02
-7.07,-7.07,10.02
-13.93,-6.91,15.62
-14.04,0.00,14.04
-14.04,0.00,14.04
-14.04,0.00,14.04
-13.93,-6.91,15.62
-7.07,-7.07,10.02
-6.34,0.00,6.34
-6.34,0.00,6.34
-7.13,0.00,7.13
-14.04,0.00,14.04
-14.04,0.00,14.04
-13.93,-6.91,15.62
-6.30,-6.30,8.93
-6.30,-6.30,8.93
-7.13,0.00,7.13
-14.04,0.00,14.04
-14.04,0.00,14.04
-14.04,0.00,14.04
-12.53,0.00,12.53
-6.34,0.00,6.34
-6.34,0.00,6.34
-12.53,0.00,12.53
-14.04,0.00,14.04
-14.04,0.00,14.04
-14.04,0.00,14.04
-14.04,0.00,14.04
-14.04,0.00,14.04
-14.04,0.00,14.04
-14.04,0.00,14.04
-14.04,0.00,14.04
-14.04,0.00,14.04
-14.04,0.00,14.04
-14.04,0.00,14.04
-14.04,0.00,14.04
-14.04,0.00,14.04
-13.93,6.91,15.62
-13.93,6.91,15.62
-13.93,6.91,15.62
-13.93,6.91,15.62
-13.93,6.91,15.62
-14.04,0.00,14.04
-14.04,0.00,14.04
-14.04,0.00,14.04
-14.04,0.00,14.04
-14.04,0.00,14.04
-14.04,0.00,14.04
-14.04,0.00,14.04
-14.04,0.00,14.04
-7.13,0.00,7.13
-7.13,0.00,7.13
-13.93,-6.91,15.62
-7.07,-7.07,10.02
-7.07,-7.07,10.02
-7.07,-7.07,10.02
-6.91,-13.93,15.62
-7.07,-7.07,10.02
-13.93,-6.91,15.62
-13.93,-6.91,15.62
-6.91,-13.93,15.62
-6.19,-12.45,13.95
-6.19,-12.45,13.95
-6.19,-12.45,13.95
-6.19,-12.45,13.95
-6.91,-13.93,15.62
-6.91,-13.93,15.62
-7.07,-7.07,10.02
-6.91,-13.93,15.62
-6.91,-13.93,15.62
-6.91,-13.93,15.62
-7.07,-7.07,10.02
-7.07,-7.07,10.02
-6.91,-13.93,15.62
-6.91,-13.93,15.62
-6.91,-13.93,15.62
-6.68,-20.41,21.57
0.00,-14.04,14.04
0.00,-14.04,14.04
0.00,-14.04,14.04
0.00,-14.04,14.04
0.00,-14.04,14.04
0.00,-14.04,14.04
0.00,-14.04,14.04
0.00,-20.56,20.56
0.00,-20.56,20.56
0.00,-20.56,20.56
0.00,-18.43,18.43
0.00,-14.04,14.04
0.00,-14.04,14.04
0.00,-14.04,14.04
0.00,-14.04,14.04
0.00,-14.04,14.04
0.00,-20.56,20.56
0.00,-18.43,18.43
0.00,-14.04,14.04
0.00,-14.04,14.04
0.00,-20.56,20.56
0.00,-20.56,20.56
0.00,-14.04,14.04
0.00,-14.04,14.04
0.00,-14.04,14.04
0.00,-14.04,14.04
0.00,-14.04,14.04
-6.91,-13.93,15.62
-6.91,-13.93,15.62
-6.91,-13.93,15.62
-6.91,-13.93,15.62
-6.91,-13.93,15.62
-6.91,-13.93,15.62
-6.91,-13.93,15.62
-6.91,-13.93,15.62
-13.63,-13.63,19.47
-13.93,-6.91,15.62
-13.93,-6.91,15.62
-13.63,-13.63,19.47
-13.63,-13.63,19.47
-6.91,-13.93,15.62
-6.91,-13.93,15.62
-13.63,-13.63,19.47
-13.63,-13.63,19.47
-13.63,-13.63,19.47
-13.63,-13.63,19.47
-13.63,-13.63,19.47
-13.63,-13.63,19.47
-6.91,-13.93,15.62
-6.19,-12.45,13.95
-13.63,-13.63,19.47
-13.93,-6.91,15.62
-14.04,0.00,14.04
-14.04,0.00,14.04
-14.04,0.00,14.04
-13.93,-6.91,15.62
-13.93,-6.91,15.62
-14.04,0.00,14.04
-14.04,0.00,14.04
-14.04,0.00,14.04
-20.56,0.00,20.56
-20.56,0.00,20.56
-14.04,0.00,14.04
-14.04,0.00,14.04
-14.04,0.00,14.04
-14.04,0.00,14.04
-20.41,6.68,21.57
-20.41,6.68,21.57
-14.04,0.00,14.04
-14.04,0.00,14.04
-14.04,0.00,14.04
-14.04,0.00,14.04
-13.93,6.91,15.62
-14.04,0.00,14.04
-14.04,0.00,14.04
-14.04,0.00,14.04
-14.04,0.00,14.04
-14.04,0.00,14.04
-14.04,0.00,14.04
-14.04,0.00,14.04
-14.04,0.00,14.04
-14.04,0.00,14.04
-14.04,0.00,14.04
-14.04,0.00,14.04
-14.04,0.00,14.04
-14.04,0.00,14.04
-14.04,0.00,14.04
-14.04,0.00,14.04
-14.04,0.00,14.04
-13.93,-6.91,15.62
-13.93,-6.91,15.62
-13.93,-6.91,15.62
-13.93,-6.91,15.62
-13.93,-6.91,15.62
-13.93,-6.91,15.62
-13.93,-6.91,15.62
-6.91,-13.93,15.62
-6.91,-13.93,15.62
-7.07,-7.07,10.02
-13.93,-6.91,15.62
-13.93,-6.91,15.62
-13.93,-6.91,15.62
-13.63,-13.63,19.47
-6.91,-13.93,15.62
-6.91,-13.93,15.62
-6.91,-13.93,15.62
-6.91,-13.93,15.62
-6.91,-13.93,15.62
-6.91,-13.93,15.62
-6.91,-13.93,15.62
-6.91,-13.93,15.62
-6.91,-13.93,15.62
-6.91,-13.93,15.62
-6.91,-13.93,15.62
-6.91,-13.93,15.62
-6.91,-13.93,15.62
-6.68,-20.41,21.57
-6.68,-20.41,21.57
-6.91,-13.93,15.62
-6.91,-13.93,15.62
-6.91,-13.93,15.62
-6.91,-13.93,15.62
-6.91,-13.93,15.62
-7.07,-7.07,10.02
-6.91,-13.93,15.62
-6.91,-13.93,15.62
-6.91,-13.93,15.62
-6.19,-12.45,13.95
-6.91,-13.93,15.62
-6.91,-13.93,15.62
-6.91,-13.93,15.62
-13.63,-13.63,19.47
-6.91,-13.93,15.62
-6.91,-13.93,15.62
-6.19,-12.45,13.95
-6.19,-12.45,13.95
-6.19,-12.45,13.95
-7.07,-7.07,10.02
-13.93,-6.91,15.62
-13.93,-6.91,15.62
-13.93,-6.91,15.62
-13.93,-6.91,15.62
-7.07,-7.07,10.02
-7.07,-7.07,10.02
-13.93,-6.91,15.62
-14.04,0.00,14.04
-13.93,-6.91,15.62
-13.93,-6.91,15.62
-13.93,-6.91,15.62
-13.93,-6.91,15.62
-13.93,-6.91,15.62
-13.93,-6.91,15.62
-13.93,-6.91,15.62
-13.93,-6.91,15.62
-13.93,-6.91,15.62
-14.04,0.00,14.04
-14.04,0.00,14.04
-14.04,0.00,14.04
-14.04,0.00,14.04
-14.04,0.00,14.04
-14.04,0.00,14.04
-14.04,0.00,14.04
-20.56,0.00,20.56
-20.56,0.00,20.56
-20.56,0.00,20.56
-20.56,0.00,20.56
-20.56,0.00,20.56
-20.56,0.00,20.56
-20.56,0.00,20.56
-20.56,0.00,20.56
-20.41,6.68,21.57
-20.41,6.68,21.57
-23.20,0.00,23.20
-23.20,0.00,23.20
-20.56,0.00,20.56
-14.04,0.00,14.04
-20.56,0.00,20.56
-20.56,0.00,20.56
-20.56,0.00,20.56
-23.20,0.00,23.20
-23.20,0.00,23.20
-23.20,0.00,23.20
-14.04,0.00,14.04
-14.04,0.00,14.04
-14.04,0.00,14.04
-14.04,0.00,14.04
-20.41,-6.68,21.57
-20.41,-6.68,21.57
-20.56,0.00,20.56
-23.20,0.00,23.20
-23.20,0.00,23.20
-13.93,-6.91,15.62
-13.93,-6.91,15.62
-13.93,-6.91,15.62
-13.93,-6.91,15.62
-13.93,-6.91,15.62
-13.93,-6.91,15.62
-14.04,0.00,14.04
-13.93,-6.91,15.62
-13.93,-6.91,15.62
-13.93,-6.91,15.62
-7.07,-7.07,10.02
-6.30,-6.30,8.93
-7.07,-7.07,10.02
-13.93,-6.91,15.62
-13.93,-6.91,15.62
-13.93,-6.91,15.62
-13.93,-6.91,15.62
-13.93,-6.91,15.62
-7.07,-7.07,10.02
-7.07,-7.07,10.02
-7.07,-7.07,10.02
-7.07,-7.07,10.02
-7.07,-7.07,10.02
-6.91,-13.93,15.62
-6.91,-13.93,15.62
-6.91,-13.93,15.62
-6.91,-13.93,15.62
-6.91,-13.93,15.62
0.00,-7.13,7.13
0.00,-14.04,14.04
0.00,-14.04,14.04
0.00,-14.04,14.04
0.00,-14.04,14.04
0.00,-14.04,14.04
0.00,-14.04,14.04
0.00,-14.04,14.04
0.00,-14.04,14.04
0.00,-12.53,12.53
0.00,-12.53,12.53
0.00,-14.04,14.04
0.00,-14.04,14.04
0.00,-14.04,14.04
0.00,-14.04,14.04
0.00,-14.04,14.04
0.00,-14.04,14.04
0.00,-14.04,14.04
0.00,-12.53,12.53
0.00,-18.43,18.43
0.00,-18.43,18.43
0.00,-12.53,12.53
0.00,-12.53,12.53
-6.91,-13.93,15.62
-7.07,-7.07,10.02
-7.07,-7.07,10.02
-13.93,-6.91,15.62
-13.93,-6.91,15.62
-7.07,-7.07,10.02
-7.07,-7.07,10.02
-7.07,-7.07,10.02
-7.07,-7.07,10.02
-13.93,-6.91,15.62
-13.93,-6.91,15.62
-7.07,-7.07,10.02
-7.07,-7.07,10.02
-7.07,-7.07,10.02
-6.91,-13.93,15.62
-6.19,-12.45,13.95
-6.19,-12.45,13.95
-6.30,-6.30,8.93
-13.93,-6.91,15.62
-14.04,0.00,14.04
-14.04,0.00,14.04
-14.04,0.00,14.04
-13.93,-6.91,15.62
-13.93,-6.91,15.62
-13.93,-6.91,15.62
-13.93,-6.91,15.62
-20.56,0.00,20.56
-23.20,0.00,23.20
-23.20,0.00,23.20
-20.56,0.00,20.56
-20.56,0.00,20.56
-14.04,0.00,14.04
-13.93,-6.91,15.62
-14.04,0.00,14.04
-14.04,0.00,14.04
-20.56,0.00,20.56
-20.56,0.00,20.56
-20.56,0.00,20.56
-20.56,0.00,20.56
-20.56,0.00,20.56
-20.56,0.00,20.56
-20.56,0.00,20.56
-20.56,0.00,20.56
-20.41,6.68,21.57
-26.39,6.38,27.27
-20.41,6.68,21.57
-20.41,6.68,21.57
-20.56,0.00,20.56
-20.41,6.68,21.57
-20.56,0.00,20.56
-20.56,0.00,20.56
-26.57,0.00,26.57
-26.57,0.00,26.57
-26.57,0.00,26.57
-20.56,0.00,20.56
-20.56,0.00,20.56
-20.56,0.00,20.56
-20.56,0.00,20.56
-20.56,0.00,20.56
-20.56,0.00,20.56
-20.56,0.00,20.56
-20.56,0.00,20.56
-20.56,0.00,20.56
-20.56,0.00,20.56
-20.56,0.00,20.56
-20.56,0.00,20.56
-20.56,0.00,20.56
-20.56,0.00,20.56
-23.20,0.00,23.20
-23.20,0.00,23.20
-22.99,-7.48,24.31
-22.99,-7.48,24.31
-23.20,0.00,23.20
-23.20,0.00,23.20
-13.93,-6.91,15.62
-13.93,-6.91,15.62
-7.07,-7.07,10.02
-7.07,-7.07,10.02
-7.07,-7.07,10.02
-7.07,-7.07,10.02
-7.07,-7.07,10.02
-7.07,-7.07,10.02
-7.07,-7.07,10.02
-7.07,-7.07,10.02
-7.07,-7.07,10.02
0.00,-6.34,6.34
0.00,-6.34,6.34
0.00,-6.34,6.34
0.00,-7.13,7.13
0.00,-6.34,6.34
0.00,-12.53,12.53
0.00,-14.04,14.04
0.00,-6.34,6.34
0.00,-12.53,12.53
0.00,-12.53,12.53
0.00,-12.53,12.53
0.00,-14.04,14.04
0.00,-12.53,12.53
0.00,-12.53,12.53
0.00,-12.53,12.53
0.00,-12.53,12.53
0.00,-14.04,14.04
0.00,-14.04,14.04
0.00,-7.13,7.13
0.00,-7.13,7.13
0.00,-7.13,7.13
0.00,-12.53,12.53
0.00,-12.53,12.53
0.00,-7.13,7.13
-7.07,-7.07,10.02
-7.07,-7.07,10.02
-7.07,-7.07,10.02
-7.07,-7.07,10.02
-6.19,-12.45,13.95
-6.19,-12.45,13.95
-6.19,-12.45,13.95
-6.30,-6.30,8.93
-7.07,-7.07,10.02
-7.13,0.00,7.13
-14.04,0.00,14.04
-13.93,-6.91,15.62
-13.93,-6.91,15.62
-13.93,-6.91,15.62
-13.93,-6.91,15.62
-15.95,0.00,15.95
-15.95,0.00,15.95
-15.95,0.00,15.95
-14.04,0.00,14.04
-14.04,0.00,14.04
-13.93,-6.91,15.62
-13.93,-6.91,15.62
-14.04,0.00,14.04
-14.04,0.00,14.04
-14.04,0.00,14.04
-14.04,0.00,14.04
-14.04,0.00,14.04
-14.04,0.00,14.04
-14.04,0.00,14.04
-13.93,-6.91,15.62
-14.04,0.00,14.04
-14.04,0.00,14.04
-14.04,0.00,14.04
-14.04,0.00,14.04
-14.04,0.00,14.04
-14.04,0.00,14.04
-13.93,6.91,15.62
-13.93,6.91,15.62
-20.41,6.68,21.57
-20.41,6.68,21.57
-14.04,0.00,14.04
-14.04,0.00,14.04
-12.53,0.00,12.53
-13.93,6.91,15.62
-20.41,6.68,21.57
-20.41,6.68,21.57
-22.40,14.71,27.25
-22.99,7.48,24.31
-13.93,6.91,15.62
-13.93,6.91,15.62
-13.93,6.91,15.62
-13.93,6.91,15.62
-13.63,13.63,19.47
-13.63,13.63,19.47
-13.63,13.63,19.47
-13.63,13.63,19.47
-13.93,6.91,15.62
-13.93,6.91,15.62
-20.41,6.68,21.57
-20.41,6.68,21.57
-20.41,6.68,21.57
-20.41,6.68,21.57
-14.04,0.00,14.04
-14.04,0.00,14.04
-14.04,0.00,14.04
-14.04,0.00,14.04
-14.04,0.00,14.04
-14.04,0.00,14.04
-14.04,0.00,14.04
-14.04,0.00,14.04
-14.04,0.00,14.04
-14.04,0.00,14.04
-14.04,0.00,14.04
-14.04,0.00,14.04
-7.13,0.00,7.13
-14.04,0.00,14.04
-14.04,0.00,14.04
-14.04,0.00,14.04
-14.04,0.00,14.04
-7.13,0.00,7.13
-7.13,0.00,7.13
-7.13,0.00,7.13
-7.13,0.00,7.13
-6.30,-6.30,8.93
-6.30,-6.30,8.93
-6.30,-6.30,8.93
-7.13,0.00,7.13
-7.13,0.00,7.13
-7.13,0.00,7.13
-7.07,-7.07,10.02
-7.07,-7.07,10.02
-7.07,-7.07,10.02
0.00,-7.13,7.13
-7.07,-7.07,10.02
-7.07,-7.07,10.02
0.00,-7.13,7.13
0.00,-7.13,7.13
0.00,-7.13,7.13
0.00,-7.13,7.13
0.00,-6.34,6.34
0.00,-6.34,6.34
0.00,-6.34,6.34
0.00,-7.13,7.13
0.00,-7.13,7.13
0.00,-7.13,7.13
0.00,-7.13,7.13
0.00,-12.53,12.53
0.00,-12.53,12.53
0.00,-6.34,6.34
0.00,-6.34,6.34
0.00,-6.34,6.34
0.00,-6.34,6.34
0.00,-7.13,7.13
0.00,-6.34,6.34
0.00,-6.34,6.34
0.00,-6.34,6.34
0.00,-6.34,6.34
0.00,-12.53,12.53
0.00,-6.34,6.34
0.00,-6.34,6.34
0.00,0.00,0.00
-7.13,0.00,7.13
-7.13,0.00,7.13
-7.13,0.00,7.13
-7.07,-7.07,10.02
-7.07,-7.07,10.02
-7.07,-7.07,10.02
-7.07,-7.07,10.02
-7.13,0.00,7.13
-7.13,0.00,7.13
-7.13,0.00,7.13
-7.13,0.00,7.13
-7.13,0.00,7.13
-7.07,-7.07,10.02
-13.93,-6.91,15.62
-13.93,-6.91,15.62
-13.93,-6.91,15.62
-13.93,-6.91,15.62
-14.04,0.00,14.04
-14.04,0.00,14.04
-14.04,0.00,14.04
-14.04,0.00,14.04
-14.04,0.00,14.04
-14.04,0.00,14.04
-14.04,0.00,14.04
-14.04,0.00,14.04
-14.04,0.00,14.04
-14.04,0.00,14.04
-14.04,0.00,14.04
-14.04,0.00,14.04
-14.04,0.00,14.04
-14.04,0.00,14.04
-14.04,0.00,14.04
-14.04,0.00,14.04
-14.04,0.00,14.04
-14.04,0.00,14.04
-14.04,0.00,14.04
-14.04,0.00,14.04
-14.04,0.00,14.04
-14.04,0.00,14.04
-7.13,0.00,7.13
-7.13,0.00,7.13
-13.93,6.91,15.62
-7.13,0.00,7.13
-7.13,0.00,7.13
-6.30,6.30,8.93
-6.30,6.30,8.93
-7.07,7.07,10.02
-7.07,7.07,10.02
-7.07,7.07,10.02
-7.07,7.07,10.02
-7.07,7.07,10.02
-6.30,6.30,8.93
-6.30,6.30,8.93
-6.30,6.30,8.93
-7.07,7.07,10.02
-7.07,7.07,10.02
-7.07,7.07,10.02
-7.07,7.07,10.02
-7.13,0.00,7.13
-7.13,0.00,7.13
-14.04,0.00,14.04
-14.04,0.00,14.04
-14.04,0.00,14.04
-14.04,0.00,14.04
-14.04,0.00,14.04
-7.13,0.00,7.13
-7.13,0.00,7.13
-7.13,0.00,7.13
-14.04,0.00,14.04
-14.04,0.00,14.04
-14.04,0.00,14.04
-14.04,0.00,14.04
-14.04,0.00,14.04
-7.07,-7.07,10.02
-7.07,-7.07,10.02
-7.07,-7.07,10.02
-7.07,-7.07,10.02
-7.07,-7.07,10.02
-7.07,-7.07,10.02
-7.07,-7.07,10.02
-7.07,-7.07,10.02
-6.91,-13.93,15.62
-7.07,-7.07,10.02
-7.07,-7.07,10.02
-7.07,-7.07,10.02
-7.07,-7.07,10.02
-7.07,-7.07,10.02
-6.91,-13.93,15.62
0.00,-6.34,6.34
0.00,-6.34,6.34
0.00,-6.34,6.34
0.00,-6.34,6.34
0.00,-7.13,7.13
0.00,-7.13,7.13
0.00,-6.34,6.34
0.00,-12.53,12.53
0.00,-12.53,12.53
0.00,-12.53,12.53
0.00,-6.34,6.34
0.00,-7.13,7.13
-7.07,-7.07,10.02
0.00,-7.13,7.13
0.00,-7.13,7.13
0.00,-14.04,14.04
0.00,-12.53,12.53
0.00,-12.53,12.53
0.00,-12.53,12.53
0.00,-14.04,14.04
-7.07,-7.07,10.02
-7.07,-7.07,10.02
0.00,-7.13,7.13
0.00,-14.04,14.04
0.00,-12.53,12.53
0.00,-12.53,12.53
0.00,-12.53,12.53
0.00,-12.53,12.53
0.00,-7.13,7.13
-7.07,-7.07,10.02
-7.13,0.00,7.13
-7.07,-7.07,10.02
0.00,-6.34,6.34
0.00,-6.34,6.34
0.00,-6.34,6.34
-6.30,-6.30,8.93
-7.13,0.00,7.13
-7.13,0.00,7.13
-7.13,0.00,7.13
-7.13,0.00,7.13
-6.34,0.00,6.34
-6.34,0.00,6.34
-6.34,0.00,6.34
-7.13,0.00,7.13
-7.13,0.00,7.13
-7.13,0.00,7.13
-7.13,0.00,7.13
-7.13,0.00,7.13
-7.13,0.00,7.13
-6.34,0.00,6.34
-6.34,0.00,6.34
-7.13,0.00,7.13
-7.13,0.00,7.13
-7.13,0.00,7.13
-7.13,0.00,7.13
-7.13,0.00,7.13
-7.13,0.00,7.13
-7.13,0.00,7.13
-7.13,0.00,7.13
-7.13,0.00,7.13
-7.13,0.00,7.13
-7.13,0.00,7.13
-13.93,6.91,15.62
-13.93,6.91,15.62
-13.93,6.91,15.62
-13.93,6.91,15.62
-13.63,13.63,19.47
-13.63,13.63,19.47
-13.63,13.63,19.47
-13.63,13.63,19.47
-13.63,13.63,19.47
-13.63,13.63,19.47
-6.91,13.93,15.62
-7.07,7.07,10.02
-7.07,7.07,10.02
-13.93,6.91,15.62
-13.63,13.63,19.47
-13.93,6.91,15.62
-13.93,6.91,15.62
-13.63,13.63,19.47
-13.63,13.63,19.47
-13.63,13.63,19.47
-13.63,13.63,19.47
-13.63,13.63,19.47
-13.63,13.63,19.47
-13.93,6.91,15.62
-13.93,6.91,15.62
-13.93,6.91,15.62
-13.93,6.91,15.62
-13.93,6.91,15.62
-14.04,0.00,14.04
-7.13,0.00,7.13
-14.04,0.00,14.04
-14.04,0.00,14.04
-14.04,0.00,14.04
-14.04,0.00,14.04
-14.04,0.00,14.04
-14.04,0.00,14.04
-14.04,0.00,14.04
-7.13,0.00,7.13
-7.13,0.00,7.13
-7.13,0.00,7.13
-14.04,0.00,14.04
-14.04,0.00,14.04
-14.04,0.00,14.04
-14.04,0.00,14.04
-7.13,0.00,7.13
-7.13,0.00,7.13
-7.13,0.00,7.13
-7.13,0.00,7.13
-7.07,-7.07,10.02
-7.07,-7.07,10.02
-7.13,0.00,7.13
-7.13,0.00,7.13
-7.07,-7.07,10.02
-6.30,-6.30,8.93
0.00,-6.34,6.34
0.00,-6.34,6.34
0.00,-12.53,12.53
0.00,-12.53,12.53
0.00,-12.53,12.53
0.00,-12.53,12.53
0.00,-12.53,12.53
0.00,-12.53,12.53
0.00,-12.53,12.53
0.00,-6.34,6.34
0.00,-6.34,6.34
-6.30,-6.30,8.93
-7.07,-7.07,10.02
-7.07,-7.07,10.02
-7.07,-7.07,10.02
-7.07,-7.07,10.02
-7.07,-7.07,10.02
-7.07,-7.07,10.02
-7.07,-7.07,10.02
-7.07,-7.07,10.02
-7.07,-7.07,10.02
-7.07,-7.07,10.02
-7.07,-7.07,10.02
-7.07,-7.07,10.02
-7.07,-7.07,10.02
-7.07,-7.07,10.02
-7.07,-7.07,10.02
-14.04,0.00,14.04
-14.04,0.00,14.04
-13.93,-6.91,15.62
-7.07,-7.07,10.02
-7.07,-7.07,10.02
-6.30,-6.30,8.93
-7.13,0.00,7.13
-14.04,0.00,14.04
-14.04,0.00,14.04
-14.04,0.00,14.04
-14.04,0.00,14.04
-14.04,0.00,14.04
-14.04,0.00,14.04
-14.04,0.00,14.04
-7.13,0.00,7.13
-7.13,0.00,7.13
-14.04,0.00,14.04
-14.04,0.00,14.04
-13.93,6.91,15.62
-14.04,0.00,14.04
-14.04,0.00,14.04
-14.04,0.00,14.04
-14.04,0.00,14.04
-13.93,6.91,15.62
-13.93,6.91,15.62
-13.93,6.91,15.62
-14.04,0.00,14.04
-14.04,0.00,14.04
-7.07,7.07,10.02
-7.07,7.07,10.02
-13.93,6.91,15.62
-13.63,13.63,19.47
-15.79,7.82,17.72
-13.93,6.91,15.62
-13.93,6.91,15.62
-7.07,7.07,10.02
-6.19,12.45,13.95
-6.19,12.45,13.95
-6.68,20.41,21.57
-13.63,13.63,19.47
-13.63,13.63,19.47
-13.63,13.63,19.47
-13.63,13.63,19.47
-6.91,13.93,15.62
-6.19,12.45,13.95
-6.19,12.45,13.95
-13.63,13.63,19.47
-13.93,6.91,15.62
-13.93,6.91,15.62
-13.93,6.91,15.62
-14.04,0.00,14.04
-14.04,0.00,14.04
-14.04,0.00,14.04
-14.04,0.00,14.04
-14.04,0.00,14.04
-14.04,0.00,14.04
-14.04,0.00,14.04
-14.04,0.00,14.04
-14.04,0.00,14.04
-14.04,0.00,14.04
-14.04,0.00,14.04
-14.04,0.00,14.04
-14.04,0.00,14.04
-14.04,0.00,14.04
-14.04,0.00,14.04
-14.04,0.00,14.04
-14.04,0.00,14.04
-14.04,0.00,14.04
-14.04,0.00,14.04
-14.04,0.00,14.04
-14.04,0.00,14.04
-14.04,0.00,14.04
-7.13,0.00,7.13
-14.04,0.00,14.04
-14.04,0.00,14.04
-14.04,0.00,14.04
-13.93,-6.91,15.62
-13.93,-6.91,15.62
-7.07,-7.07,10.02
-7.07,-7.07,10.02
-7.07,-7.07,10.02
-7.07,-7.07,10.02
-14.04,0.00,14.04
-14.04,0.00,14.04
-14.04,0.00,14.04
-7.07,-7.07,10.02
-7.07,-7.07,10.02
-6.30,-6.30,8.93
-6.30,-6.30,8.93
-6.30,-6.30,8.93
-6.30,-6.30,8.93
-13.93,-6.91,15.62
-13.93,-6.91,15.62
-13.93,-6.91,15.62
-14.04,0.00,14.04
-14.04,0.00,14.04
-6.30,-6.30,8.93
-6.30,-6.30,8.93
-6.30,-6.30,8.93
-12.53,0.00,12.53
-14.04,0.00,14.04
-14.04,0.00,14.04
-14.04,0.00,14.04
-14.04,0.00,14.04
-14.04,0.00,14.04
-14.04,0.00,14.04
-14.04,0.00,14.04
-14.04,0.00,14.04
-14.04,0.00,14.04
-14.04,0.00,14.04
-14.04,0.00,14.04
-14.04,0.00,14.04
-14.04,0.00,14.04
-14.04,0.00,14.04
-12.53,0.00,12.53
-12.53,0.00,12.53
-14.04,0.00,14.04
-14.04,0.00,14.04
-14.04,0.00,14.04
-13.93,6.91,15.62
-14.04,0.00,14.04
-14.04,0.00,14.04
-14.04,0.00,14.04
-14.04,0.00,14.04
-13.93,6.91,15.62
-13.93,6.91,15.62
-20.41,6.68,21.57
-13.93,6.91,15.62
-13.93,6.91,15.62
-13.93,6.91,15.62
-7.07,7.07,10.02
-13.63,13.63,19.47
-13.63,13.63,19.47
-13.63,13.63,19.47
-13.63,13.63,19.47
-13.63,13.63,19.47
-13.93,6.91,15.62
-13.63,13.63,19.47
-13.63,13.63,19.47
-13.93,6.91,15.62
-13.93,6.91,15.62
-14.04,0.00,14.04
-14.04,0.00,14.04
-13.93,6.91,15.62
-13.93,6.91,15.62
-13.93,6.91,15.62
-13.93,6.91,15.62
-13.93,6.91,15.62
-14.04,0.00,14.04
-14.04,0.00,14.04
-14.04,0.00,14.04
-14.04,0.00,14.04
-14.04,0.00,14.04
-14.04,0.00,14.04
-14.04,0.00,14.04
-14.04,0.00,14.04
-14.04,0.00,14.04
-14.04,0.00,14.04
-14.04,0.00,14.04
-14.04,0.00,14.04
-14.04,0.00,14.04
-14.04,0.00,14.04
-14.04,0.00,14.04
-14.04,0.00,14.04
-14.04,0.00,14.04
-14.04,0.00,14.04
-14.04,0.00,14.04
-14.04,0.00,14.04
-14.04,0.00,14.04
-14.04,0.00,14.04
-14.04,0.00,14.04
-14.04,0.00,14.04
-14.04,0.00,14.04
-14.04,0.00,14.04
-14.04,0.00,14.04
-14.04,0.00,14.04
-14.04,0.00,14.04
-14.04,0.00,14.04
-14.04,0.00,14.04
-7.07,-7.07,10.02
-7.07,-7.07,10.02
-7.07,-7.07,10.02
-7.07,-7.07,10.02
-7.07,-7.07,10.02
-7.07,-7.07,10.02
-7.07,-7.07,10.02
-7.13,0.00,7.13
-14.04,0.00,14.04
-7.07,-7.07,10.02
-7.07,-7.07,10.02
-6.19,-12.45,13.95
-6.19,-12.45,13.95
-7.07,-7.07,10.02
-7.07,-7.07,10.02
-7.07,-7.07,10.02
-7.07,-7.07,10.02
-7.07,-7.07,10.02
-6.30,-6.30,8.93
-6.30,-6.30,8.93
-6.19,-12.45,13.95
-6.19,-12.45,13.95
-6.19,-12.45,13.95
-6.91,-13.93,15.62
-7.07,-7.07,10.02
-7.07,-7.07,10.02
-7.07,-7.07,10.02
-7.07,-7.07,10.02
-7.13,0.00,7.13
-7.13,0.00,7.13
-14.04,0.00,14.04
-14.04,0.00,14.04
-14.04,0.00,14.04
-14.04,0.00,14.04
-14.04,0.00,14.04
-14.04,0.00,14.04
-14.04,0.00,14.04
-14.04,0.00,14.04
-14.04,0.00,14.04
-14.04,0.00,14.04
-14.04,0.00,14.04
-14.04,0.00,14.04
-14.04,0.00,14.04
-14.04,0.00,14.04
-14.04,0.00,14.04
-14.04,0.00,14.04
-14.04,0.00,14.04
-14.04,0.00,14.04
-14.04,0.00,14.04
-14.04,0.00,14.04
-14.04,0.00,14.04
-14.04,0.00,14.04
-14.04,0.00,14.04
-14.04,0.00,14.04
-14.04,0.00,14.04
-14.04,0.00,14.04
-14.04,0.00,14.04
-14.04,0.00,14.04
-14.04,0.00,14.04
-14.04,0.00,14.04
-13.93,6.91,15.62
-13.93,6.91,15.62
-13.93,6.91,15.62
-13.93,6.91,15.62
-13.93,6.91,15.62
-13.93,6.91,15.62
-6.91,13.93,15.62
-6.91,13.93,15.62
-6.91,13.93,15.62
-6.91,13.93,15.62
-6.91,13.93,15.62
-6.91,13.93,15.62
-6.91,13.93,15.62
-6.91,13.93,15.62
-6.91,13.93,15.62
-6.91,13.93,15.62
-7.07,7.07,10.02
-7.07,7.07,10.02
-13.93,6.91,15.62
-13.93,6.91,15.62
-13.93,6.91,15.62
-13.93,6.91,15.62
-13.93,6.91,15.62
-13.93,6.91,15.62
-13.93,6.91,15.62
-13.63,13.63,19.47
-13.63,13.63,19.47
-13.93,6.91,15.62
-13.93,6.91,15.62
-14.04,0.00,14.04
-15.95,0.00,15.95
-23.20,0.00,23.20
-15.95,0.00,15.95
-15.95,0.00,15.95
-15.95,0.00,15.95
-14.04,0.00,14.04
-14.04,0.00,14.04
-14.04,0.00,14.04
-14.04,0.00,14.04
-14.04,0.00,14.04
-14.04,0.00,14.04
-14.04,0.00,14.04
-14.04,0.00,14.04
-14.04,0.00,14.04
-14.04,0.00,14.04
-14.04,0.00,14.04
-14.04,0.00,14.04
-14.04,0.00,14.04
-14.04,0.00,14.04
-7.13,0.00,7.13
-7.13,0.00,7.13
-7.13,0.00,7.13
-7.07,-7.07,10.02
-7.07,-7.07,10.02
-7.07,-7.07,10.02
-7.07,-7.07,10.02
-6.30,-6.30,8.93
-6.30,-6.30,8.93
-6.30,-6.30,8.93
-6.30,-6.30,8.93
-6.30,-6.30,8.93
-6.30,-6.30,8.93
-6.30,-6.30,8.93
-13.93,-6.91,15.62
-13.93,-6.91,15.62
-7.07,-7.07,10.02
-7.07,-7.07,10.02
-7.13,0.00,7.13
-6.34,0.00,6.34
-14.04,0.00,14.04
-14.04,0.00,14.04
-14.04,0.00,14.04
-13.93,-6.91,15.62
-13.93,-6.91,15.62
-13.93,-6.91,15.62
-14.04,0.00,14.04
-14.04,0.00,14.04
-14.04,0.00,14.04
-14.04,0.00,14.04
-14.04,0.00,14.04
-14.04,0.00,14.04
-14.04,0.00,14.04
-14.04,0.00,14.04
-14.04,0.00,14.04
-14.04,0.00,14.04
-13.93,-6.91,15.62
-13.93,-6.91,15.62
-7.07,-7.07,10.02
-14.04,0.00,14.04
-14.04,0.00,14.04
-14.04,0.00,14.04
-14.04,0.00,14.04
-14.04,0.00,14.04
-14.04,0.00,14.04
-14.04,0.00,14.04
-14.04,0.00,14.04
-14.04,0.00,14.04
-14.04,0.00,14.04
-14.04,0.00,14.04
-14.04,0.00,14.04
-12.53,0.00,12.53
-14.04,0.00,14.04
-14.04,0.00,14.04
-14.04,0.00,14.04
-13.93,6.91,15.62
-13.93,6.91,15.62
-14.04,0.00,14.04
-14.04,0.00,14.04
-6.34,0.00,6.34
-6.34,0.00,6.34
-6.34,0.00,6.34
-12.45,6.19,13.95
-12.53,0.00,12.53
-12.53,0.00,12.53
-12.53,0.00,12.53
-12.53,0.00,12.53
-14.04,0.00,14.04
-14.04,0.00,14.04
-14.04,0.00,14.04
-14.04,0.00,14.04
-14.04,0.00,14.04
-14.04,0.00,14.04
-14.04,0.00,14.04
-14.04,0.00,14.04
-14.04,0.00,14.04
-14.04,0.00,14.04
-14.04,0.00,14.04
-14.04,0.00,14.04
-14.04,0.00,14.04
-14.04,0.00,14.04
-14.04,0.00,14.04
-14.04,0.00,14.04
-14.04,0.00,14.04
-14.04,0.00,14.04
-13.93,-6.91,15.62
-13.93,-6.91,15.62
-13.93,-6.91,15.62
-13.93,-6.91,15.62
-14.04,0.00,14.04
-14.04,0.00,14.04
-13.93,-6.91,15.62
-13.93,-6.91,15.62
-13.93,-6.91,15.62
-13.93,-6.91,15.62
-13.93,-6.91,15.62
-13.93,-6.91,15.62
-13.93,-6.91,15.62
-13.93,-6.91,15.62
-13.93,-6.91,15.62
-13.93,-6.91,15.62
-7.07,-7.07,10.02
-6.91,-13.93,15.62
-6.91,-13.93,15.62
-6.91,-13.93,15.62
-7.07,-7.07,10.02
-13.93,-6.91,15.62
-13.93,-6.91,15.62
-7.07,-7.07,10.02
-7.07,-7.07,10.02
-7.07,-7.07,10.02
-7.07,-7.07,10.02
-7.07,-7.07,10.02
-7.07,-7.07,10.02
-7.07,-7.07,10.02
-7.07,-7.07,10.02
-13.93,-6.91,15.62
-13.93,-6.91,15.62
-13.93,-6.91,15.62
-7.07,-7.07,10.02
-7.07,-7.07,10.02
-7.07,-7.07,10.02
-7.07,-7.07,10.02
-13.93,-6.91,15.62
-13.93,-6.91,15.62
-14.04,0.00,14.04
-14.04,0.00,14.04
-14.04,0.00,14.04
-13.93,-6.91,15.62
-14.04,0.00,14.04
-14.04,0.00,14.04
-14.04,0.00,14.04
-14.04,0.00,14.04
-14.04,0.00,14.04
-14.04,0.00,14.04
-14.04,0.00,14.04
-14.04,0.00,14.04
-14.04,0.00,14.04
-14.04,0.00,14.04
-14.04,0.00,14.04
-14.04,0.00,14.04
-14.04,0.00,14.04
-13.93,-6.91,15.62
-13.93,-6.91,15.62
-13.93,-6.91,15.62
-7.13,0.00,7.13
-7.13,0.00,7.13
-14.04,0.00,14.04
-14.04,0.00,14.04
-6.34,0.00,6.34
-12.53,0.00,12.53
-14.04,0.00,14.04
-14.04,0.00,14.04
-14.04,0.00,14.04
-7.13,0.00,7.13
-6.34,0.00,6.34
-12.53,0.00,12.53
-14.04,0.00,14.04
-14.04,0.00,14.04
-13.93,6.91,15.62
-13.93,6.91,15.62
-13.93,6.91,15.62
-13.93,6.91,15.62
-13.93,6.91,15.62
-13.93,6.91,15.62
-13.93,6.91,15.62
-13.93,6.91,15.62
-13.93,6.91,15.62
-13.93,6.91,15.62
-14.04,0.00,14.04
-14.04,0.00,14.04
-14.04,0.00,14.04
-13.93,6.91,15.62
-13.93,6.91,15.62
-13.93,6.91,15.62
-13.93,6.91,15.62
-14.04,0.00,14.04
-14.04,0.00,14.04
-14.04,0.00,14.04
-14.04,0.00,14.04
-14.04,0.00,14.04
-14.04,0.00,14.04
-14.04,0.00,14.04
-14.04,0.00,14.04
-14.04,0.00,14.04
-14.04,0.00,14.04
-14.04,0.00,14.04
-14.04,0.00,14.04
-14.04,0.00,14.04
-14.04,0.00,14.04
-14.04,0.00,14.04
-14.04,0.00,14.04
-14.04,0.00,14.04
-14.04,0.00,14.04
-14.04,0.00,14.04
-13.93,-6.91,15.62
-13.93,-6.91,15.62
-13.93,-6.91,15.62
-13.93,-6.91,15.62
-13.93,-6.91,15.62
-13.93,-6.91,15.62
-13.93,-6.91,15.62
-13.93,-6.91,15.62
-13.93,-6.91,15.62
-13.93,-6.91,15.62
-13.93,-6.91,15.62
-13.93,-6.91,15.62
-13.93,-6.91,15.62
-13.93,-6.91,15.62
-13.93,-6.91,15.62
-13.93,-6.91,15.62
-13.93,-6.91,15.62
-13.93,-6.91,15.62
-13.93,-6.91,15.62
-13.93,-6.91,15.62
-13.93,-6.91,15.62
-13.93,-6.91,15.62
-13.93,-6.91,15.62
-13.93,-6.91,15.62
-13.93,-6.91,15.62
-13.93,-6.91,15.62
-13.93,-6.91,15.62
-13.93,-6.91,15.62
-7.07,-7.07,10.02
-7.07,-7.07,10.02
-7.07,-7.07,10.02
-6.91,-13.93,15.62
-6.91,-13.93,15.62
-6.91,-13.93,15.62
-13.93,-6.91,15.62
-7.07,-7.07,10.02
-6.91,-13.93,15.62
-6.19,-12.45,13.95
-6.19,-12.45,13.95
-6.91,-13.93,15.62
-7.07,-7.07,10.02
-13.93,-6.91,15.62
-13.93,-6.91,15.62
-13.93,-6.91,15.62
-13.93,-6.91,15.62
-13.93,-6.91,15.62
-13.93,-6.91,15.62
-14.04,0.00,14.04
-14.04,0.00,14.04
-14.04,0.00,14.04
-14.04,0.00,14.04
-13.93,-6.91,15.62
-13.93,-6.91,15.62
-14.04,0.00,14.04
-14.04,0.00,14.04
-14.04,0.00,14.04
-14.04,0.00,14.04
-14.04,0.00,14.04
-14.04,0.00,14.04
-14.04,0.00,14.04
-14.04,0.00,14.04
-14.04,0.00,14.04
-14.04,0.00,14.04
-14.04,0.00,14.04
-14.04,0.00,14.04
-14.04,0.00,14.04
-14.04,0.00,14.04
-14.04,0.00,14.04
-14.04,0.00,14.04
-14.04,0.00,14.04
-14.04,0.00,14.04
-14.04,0.00,14.04
-14.04,0.00,14.04
-14.04,0.00,14.04
-14.04,0.00,14.04
-14.04,0.00,14.04
-14.04,0.00,14.04
-13.93,6.91,15.62
-13.93,6.91,15.62
-13.93,6.91,15.62
-13.63,13.63,19.47
-6.91,13.93,15.62
-6.91,13.93,15.62
-7.07,7.07,10.02
-7.07,7.07,10.02
-13.93,6.91,15.62
-7.07,7.07,10.02
-13.93,6.91,15.62
-13.93,6.91,15.62
-13.93,6.91,15.62
-13.93,6.91,15.62
-13.93,6.91,15.62
-13.93,6.91,15.62
-13.93,6.91,15.62
-13.93,6.91,15.62
-13.93,6.91,15.62
-13.93,6.91,15.62
-14.04,0.00,14.04
-14.04,0.00,14.04
-14.04,0.00,14.04
-14.04,0.00,14.04
-14.04,0.00,14.04
-14.04,0.00,14.04
-12.53,0.00,12.53
-14.04,0.00,14.04
-14.04,0.00,14.04
-14.04,0.00,14.04
-14.04,0.00,14.04
-14.04,0.00,14.04
-14.04,0.00,14.04
-14.04,0.00,14.04
-14.04,0.00,14.04
-14.04,0.00,14.04
-14.04,0.00,14.04
-14.04,0.00,14.04
-14.04,0.00,14.04
-14.04,0.00,14.04
-14.04,0.00,14.04
-14.04,0.00,14.04
-14.04,0.00,14.04
-14.04,0.00,14.04
-12.53,0.00,12.53
-6.34,0.00,6.34
-12.53,0.00,12.53
-14.04,0.00,14.04
-14.04,0.00,14.04
-13.93,-6.91,15.62
-13.93,-6.91,15.62
-13.93,-6.91,15.62
-13.93,-6.91,15.62
-6.30,-6.30,8.93
-6.30,-6.30,8.93
-6.30,-6.30,8.93
-13.93,-6.91,15.62
-13.93,-6.91,15.62
-7.07,-7.07,10.02
-7.07,-7.07,10.02
-6.91,-13.93,15.62
-6.91,-13.93,15.62
-6.91,-13.93,15.62
-6.91,-13.93,15.62
-7.07,-7.07,10.02
-7.07,-7.07,10.02
-7.07,-7.07,10.02
-7.07,-7.07,10.02
-7.07,-7.07,10.02
-7.07,-7.07,10.02
-7.07,-7.07,10.02
-13.93,-6.91,15.62
-14.04,0.00,14.04
-13.93,-6.91,15.62
-7.07,-7.07,10.02
-7.07,-7.07,10.02
-7.07,-7.07,10.02
-7.07,-7.07,10.02
-7.07,-7.07,10.02
-7.13,0.00,7.13
-14.04,0.00,14.04
-14.04,0.00,14.04
-13.93,-6.91,15.62
-14.04,0.00,14.04
-14.04,0.00,14.04
-14.04,0.00,14.04
-14.04,0.00,14.04
-14.04,0.00,14.04
-14.04,0.00,14.04
-14.04,0.00,14.04
-14.04,0.00,14.04
-14.04,0.00,14.04
-14.04,0.00,14.04
-14.04,0.00,14.04
-14.04,0.00,14.04
-7.13,0.00,7.13
-7.13,0.00,7.13
-7.13,0.00,7.13
-14.04,0.00,14.04
-14.04,0.00,14.04
-14.04,0.00,14.04
-14.04,0.00,14.04
-7.13,0.00,7.13
-7.13,0.00,7.13
-7.13,0.00,7.13
-7.13,0.00,7.13
-6.34,0.00,6.34
-6.34,0.00,6.34
-6.34,0.00,6.34
-6.34,0.00,6.34
-6.34,0.00,6.34
-6.34,0.00,6.34
-7.13,0.00,7.13
-7.13,0.00,7.13
-7.13,0.00,7.13
-7.13,0.00,7.13
-7.13,0.00,7.13
-7.07,7.07,10.02
-7.07,7.07,10.02
-7.07,7.07,10.02
-7.07,7.07,10.02
-7.07,7.07,10.02
-7.07,7.07,10.02
-7.07,7.07,10.02
-7.13,0.00,7.13
-7.07,7.07,10.02
-7.07,7.07,10.02
-7.07,7.07,10.02
-7.07,7.07,10.02
-7.07,7.07,10.02
-6.91,13.93,15.62
-6.91,13.93,15.62
-7.07,7.07,10.02
-7.07,7.07,10.02
-7.07,7.07,10.02
-7.07,7.07,10.02
-7.13,0.00,7.13
-7.13,0.00,7.13
-7.07,7.07,10.02
-7.07,7.07,10.02
-7.07,7.07,10.02
-7.07,7.07,10.02
-7.07,7.07,10.02
-7.13,0.00,7.13
-7.13,0.00,7.13
-7.13,0.00,7.13
-7.13,0.00,7.13
-7.13,0.00,7.13
-7.13,0.00,7.13
-7.13,0.00,7.13
-7.13,0.00,7.13
-7.13,0.00,7.13
-6.34,0.00,6.34
-6.34,0.00,6.34
-6.34,0.00,6.34
-6.34,0.00,6.34
-7.13,0.00,7.13
-7.13,0.00,7.13
-7.13,0.00,7.13
-7.13,0.00,7.13
-6.34,0.00,6.34
-6.34,0.00,6.34
-6.34,0.00,6.34
-6.34,0.00,6.34
-6.34,0.00,6.34
-7.13,0.00,7.13
-7.07,-7.07,10.02
-7.07,-7.07,10.02
-6.30,-6.30,8.93
-6.30,-6.30,8.93
-6.30,-6.30,8.93
-7.07,-7.07,10.02
-7.07,-7.07,10.02
-7.07,-7.07,10.02
-7.07,-7.07,10.02
-7.07,-7.07,10.02
-7.07,-7.07,10.02
-6.30,-6.30,8.93
-6.30,-6.30,8.93
-6.30,-6.30,8.93
-7.07,-7.07,10.02
-7.07,-7.07,10.02
-7.07,-7.07,10.02
-7.07,-7.07,10.02
-7.07,-7.07,10.02
-7.07,-7.07,10.02
-7.07,-7.07,10.02
-6.91,-13.93,15.62
-6.91,-13.93,15.62
-6.91,-13.93,15.62
-6.91,-13.93,15.62
-7.07,-7.07,10.02
-7.07,-7.07,10.02
-7.13,0.00,7.13
-7.13,0.00,7.13
-7.13,0.00,7.13
-14.04,0.00,14.04
-14.04,0.00,14.04
-14.04,0.00,14.04
-14.04,0.00,14.04
-7.13,0.00,7.13
-7.13,0.00,7.13
-7.13,0.00,7.13
-7.13,0.00,7.13
-7.13,0.00,7.13
-14.04,0.00,14.04
-14.04,0.00,14.04
-14.04,0.00,14.04
-14.04,0.00,14.04
-7.13,0.00,7.13
-7.13,0.00,7.13
-7.13,0.00,7.13
-14.04,0.00,14.04
-14.04,0.00,14.04
-14.04,0.00,14.04
-7.13,0.00,7.13
-7.13,0.00,7.13
-7.13,0.00,7.13
-7.13,0.00,7.13
-6.34,0.00,6.34
-6.34,0.00,6.34
-6.34,0.00,6.34
-6.34,0.00,6.34
-6.34,0.00,6.34
-6.34,0.00,6.34
-7.13,0.00,7.13
-7.13,0.00,7.13
-7.13,0.00,7.13
-7.13,0.00,7.13
0.00,0.00,0.00
0.00,0.00,0.00
0.00,0.00,0.00
-7.07,7.07,10.02
-7.13,0.00,7.13
-7.13,0.00,7.13
-7.13,0.00,7.13
-7.07,7.07,10.02
-7.07,7.07,10.02
0.00,14.04,14.04
-6.91,13.93,15.62
-6.91,13.93,15.62
-6.91,13.93,15.62
-7.07,7.07,10.02
-7.07,7.07,10.02
-7.07,7.07,10.02
-7.07,7.07,10.02
-7.07,7.07,10.02
-7.07,7.07,10.02
-7.07,7.07,10.02
-7.07,7.07,10.02
-7.07,7.07,10.02
-7.13,0.00,7.13
-7.13,0.00,7.13
-7.13,0.00,7.13
-7.13,0.00,7.13
-7.07,7.07,10.02
-7.13,0.00,7.13
-7.13,0.00,7.13
-7.13,0.00,7.13
-7.13,0.00,7.13
-7.13,0.00,7.13
-7.13,0.00,7.13
-7.13,0.00,7.13
-7.13,0.00,7.13
-7.13,0.00,7.13
-7.13,0.00,7.13
-7.13,0.00,7.13
0.00,0.00,0.00
0.00,0.00,0.00
0.00,0.00,0.00
0.00,0.00,0.00
0.00,0.00,0.00
-7.13,0.00,7.13
-7.13,0.00,7.13
-7.07,-7.07,10.02
-7.07,-7.07,10.02
-7.07,-7.07,10.02
-7.07,-7.07,10.02
-7.07,-7.07,10.02
-7.07,-7.07,10.02
-7.07,-7.07,10.02
-7.07,-7.07,10.02
-7.07,-7.07,10.02
-7.07,-7.07,10.02
-7.07,-7.07,10.02
0.00,-7.13,7.13
0.00,-6.34,6.34
0.00,-6.34,6.34
0.00,-6.34,6.34
0.00,-6.34,6.34
-6.30,-6.30,8.93
-6.19,-12.45,13.95
-6.19,-12.45,13.95
-6.30,-6.30,8.93
-6.30,-6.30,8.93
-6.30,-6.30,8.93
0.00,-12.53,12.53
0.00,-12.53,12.53
0.00,-12.53,12.53
0.00,-12.53,12.53
0.00,-12.53,12.53
0.00,-6.34,6.34
0.00,-6.34,6.34
-6.30,-6.30,8.93
-6.30,-6.30,8.93
-7.07,-7.07,10.02
-13.93,-6.91,15.62
-13.93,-6.91,15.62
-13.93,-6.91,15.62
-7.13,0.00,7.13
-7.13,0.00,7.13
-6.30,-6.30,8.93
-6.34,0.00,6.34
-7.13,0.00,7.13
-14.04,0.00,14.04
-14.04,0.00,14.04
-7.13,0.00,7.13
-7.13,0.00,7.13
-7.13,0.00,7.13
-7.13,0.00,7.13
-7.13,0.00,7.13
-7.13,0.00,7.13
-7.13,0.00,7.13
-14.04,0.00,14.04
-7.13,0.00,7.13
-7.07,-7.07,10.02
-7.07,-7.07,10.02
-7.13,0.00,7.13
-7.13,0.00,7.13
0.00,0.00,0.00
0.00,0.00,0.00
0.00,6.34,6.34
-6.34,0.00,6.34
-7.07,7.07,10.02
-7.13,0.00,7.13
0.00,0.00,0.00
0.00,0.00,0.00
0.00,0.00,0.00
0.00,0.00,0.00
0.00,6.34,6.34
0.00,0.00,0.00
0.00,6.34,6.34
0.00,6.34,6.34
0.00,0.00,0.00
0.00,0.00,0.00
0.00,6.34,6.34
0.00,6.34,6.34
0.00,6.34,6.34
0.00,6.34,6.34
0.00,6.34,6.34
0.00,6.34,6.34
0.00,6.34,6.34
0.00,6.34,6.34
0.00,0.00,0.00
0.00,0.00,0.00
0.00,0.00,0.00
0.00,0.00,0.00
0.00,0.00,0.00
0.00,0.00,0.00
0.00,0.00,0.00
0.00,0.00,0.00
0.00,0.00,0.00
-7.13,0.00,7.13
-7.13,0.00,7.13
-7.13,0.00,7.13
-7.13,0.00,7.13
-7.13,0.00,7.13
-7.13,0.00,7.13
-7.13,0.00,7.13
-7.13,0.00,7.13
-7.13,0.00,7.13
-7.13,0.00,7.13
-7.13,0.00,7.13
-7.13,0.00,7.13
-7.13,0.00,7.13
-7.13,0.00,7.13
-7.13,0.00,7.13
-7.13,0.00,7.13
-7.13,0.00,7.13
-7.13,0.00,7.13
-7.13,0.00,7.13
-7.13,0.00,7.13
-7.13,0.00,7.13
-7.13,0.00,7.13
-7.13,0.00,7.13
-7.13,0.00,7.13
-7.07,-7.07,10.02
-7.07,-7.07,10.02
-7.07,-7.07,10.02
-7.07,-7.07,10.02
-7.07,-7.07,10.02
-7.07,-7.07,10.02
-6.91,-13.93,15.62
-6.91,-13.93,15.62
-6.91,-13.93,15.62
-7.07,-7.07,10.02
-7.07,-7.07,10.02
-7.07,-7.07,10.02
-7.07,-7.07,10.02
-7.07,-7.07,10.02
-6.30,-6.30,8.93
-6.30,-6.30,8.93
-6.19,-12.45,13.95
-6.19,-12.45,13.95
-6.19,-12.45,13.95
-6.30,-6.30,8.93
-7.13,0.00,7.13
-7.13,0.00,7.13
-14.04,0.00,14.04
-14.04,0.00,14.04
-14.04,0.00,14.04
-14.04,0.00,14.04
-14.04,0.00,14.04
-14.04,0.00,14.04
-14.04,0.00,14.04
-6.34,0.00,6.34
-6.34,0.00,6.34
-12.53,0.00,12.53
-14.04,0.00,14.04
-14.04,0.00,14.04
-14.04,0.00,14.04
-14.04,0.00,14.04
-14.04,0.00,14.04
-14.04,0.00,14.04
-14.04,0.00,14.04
-14.04,0.00,14.04
-14.04,0.00,14.04
-14.04,0.00,14.04
-7.13,0.00,7.13
-7.13,0.00,7.13
-7.13,0.00,7.13
-7.13,0.00,7.13
-7.13,0.00,7.13
-7.13,0.00,7.13
-7.13,0.00,7.13
-7.13,0.00,7.13
-7.13,0.00,7.13
-7.07,7.07,10.02
-7.07,7.07,10.02
-7.07,7.07,10.02
-7.07,7.07,10.02
-7.07,7.07,10.02
-7.07,7.07,10.02
-6.30,6.30,8.93
-7.07,7.07,10.02
-7.07,7.07,10.02
-7.07,7.07,10.02
-7.07,7.07,10.02
-7.07,7.07,10.02
-7.07,7.07,10.02
-7.07,7.07,10.02
-7.07,7.07,10.02
-6.91,13.93,15.62
-6.91,13.93,15.62
-7.07,7.07,10.02
-7.07,7.07,10.02
-7.07,7.07,10.02
-7.07,7.07,10.02
-7.07,7.07,10.02
-7.07,7.07,10.02
-7.07,7.07,10.02
-7.07,7.07,10.02
-7.07,7.07,10.02
-7.07,7.07,10.02
-7.13,0.00,7.13
-7.13,0.00,7.13
-7.13,0.00,7.13
-7.13,0.00,7.13
-7.13,0.00,7.13
-7.13,0.00,7.13
-7.13,0.00,7.13
-7.13,0.00,7.13
-14.04,0.00,14.04
-14.04,0.00,14.04
-14.04,0.00,14.04
-14.04,0.00,14.04
-14.04,0.00,14.04
-14.04,0.00,14.04
-14.04,0.00,14.04
-14.04,0.00,14.04
-14.04,0.00,14.04
-14.04,0.00,14.04
-14.04,0.00,14.04
-14.04,0.00,14.04
-14.04,0.00,14.04
-7.07,-7.07,10.02
-7.07,-7.07,10.02
-7.07,-7.07,10.02
-14.04,0.00,14.04
-14.04,0.00,14.04
-7.13,0.00,7.13
-7.13,0.00,7.13
-6.30,-6.30,8.93
-6.30,-6.30,8.93
-6.30,-6.30,8.93
-6.30,-6.30,8.93
-6.30,-6.30,8.93
-6.30,-6.30,8.93
-6.19,-12.45,13.95
-6.19,-12.45,13.95
-6.30,-6.30,8.93
-6.30,-6.30,8.93
-6.30,-6.30,8.93
-6.30,-6.30,8.93
-12.53,0.00,12.53
-14.04,0.00,14.04
-14.04,0.00,14.04
-14.04,0.00,14.04
-14.04,0.00,14.04
-14.04,0.00,14.04
-7.13,0.00,7.13
-6.34,0.00,6.34
-14.04,0.00,14.04
-14.04,0.00,14.04
-14.04,0.00,14.04
-14.04,0.00,14.04
-14.04,0.00,14.04
-14.04,0.00,14.04
-14.04,0.00,14.04
-14.04,0.00,14.04
-14.04,0.00,14.04
-14.04,0.00,14.04
-14.04,0.00,14.04
-14.04,0.00,14.04
-14.04,0.00,14.04
-14.04,0.00,14.04
-14.04,0.00,14.04
-14.04,0.00,14.04
-14.04,0.00,14.04
-14.04,0.00,14.04
-14.04,0.00,14.04
-14.04,0.00,14.04
-14.04,0.00,14.04
-14.04,0.00,14.04
-14.04,0.00,14.04
-14.04,0.00,14.04
-14.04,0.00,14.04
-14.04,0.00,14.04
-14.04,0.00,14.04
-14.04,0.00,14.04
-14.04,0.00,14.04
-14.04,0.00,14.04
-12.53,0.00,12.53
-12.53,0.00,12.53
-12.53,0.00,12.53
-20.41,6.68,21.57
-20.56,0.00,20.56
-20.56,0.00,20.56
-12.53,0.00,12.53
-6.34,0.00,6.34
-6.30,6.30,8.93
-6.91,13.93,15.62
-6.68,20.41,21.57
-6.91,13.93,15.62
-6.91,13.93,15.62
-6.91,13.93,15.62
-7.07,7.07,10.02
-7.07,7.07,10.02
-7.07,7.07,10.02
-7.07,7.07,10.02
-7.07,7.07,10.02
-7.07,7.07,10.02
-13.93,6.91,15.62
-13.93,6.91,15.62
-13.93,6.91,15.62
-14.04,0.00,14.04
-14.04,0.00,14.04
-14.04,0.00,14.04
-13.93,6.91,15.62
-13.93,6.91,15.62
-13.93,6.91,15.62
-14.04,0.00,14.04
-14.04,0.00,14.04
-14.04,0.00,14.04
-14.04,0.00,14.04
-14.04,0.00,14.04
-14.04,0.00,14.04
-14.04,0.00,14.04
-14.04,0.00,14.04
-14.04,0.00,14.04
-7.07,-7.07,10.02
-7.13,0.00,7.13
-7.13,0.00,7.13
-7.07,-7.07,10.02
-7.07,-7.07,10.02
-7.07,-7.07,10.02
-7.07,-7.07,10.02
-7.07,-7.07,10.02
-7.07,-7.07,10.02
-7.07,-7.07,10.02
-6.30,-6.30,8.93
-6.30,-6.30,8.93
-6.30,-6.30,8.93
-6.30,-6.30,8.93
-7.07,-7.07,10.02
-7.07,-7.07,10.02
-7.07,-7.07,10.02
-6.30,-6.30,8.93
-6.30,-6.30,8.93
-6.30,-6.30,8.93
0.00,-6.34,6.34
0.00,-12.53,12.53
0.00,-12.53,12.53
0.00,-6.34,6.34
0.00,-12.53,12.53
0.00,-6.34,6.34
0.00,-6.34,6.34
-6.30,-6.30,8.93
-7.13,0.00,7.13
-7.13,0.00,7.13
-7.13,0.00,7.13
-7.13,0.00,7.13
-7.07,-7.07,10.02
-6.30,-6.30,8.93
-6.30,-6.30,8.93
-7.13,0.00,7.13
-7.13,0.00,7.13
-7.13,0.00,7.13
-7.13,0.00,7.13
-7.13,0.00,7.13
-7.13,0.00,7.13
-7.13,0.00,7.13
-7.13,0.00,7.13
-7.13,0.00,7.13
-14.04,0.00,14.04
-14.04,0.00,14.04
-14.04,0.00,14.04
-14.04,0.00,14.04
-14.04,0.00,14.04
-14.04,0.00,14.04
-14.04,0.00,14.04
-14.04,0.00,14.04
-14.04,0.00,14.04
-14.04,0.00,14.04
-14.04,0.00,14.04
-14.04,0.00,14.04
-14.04,0.00,14.04
-14.04,0.00,14.04
-14.04,0.00,14.04
-14.04,0.00,14.04
-14.04,0.00,14.04
-14.04,0.00,14.04
-14.04,0.00,14.04
-14.04,0.00,14.04
-14.04,0.00,14.04
-14.04,0.00,14.04
-14.04,0.00,14.04
-14.04,0.00,14.04
-14.04,0.00,14.04
-13.93,6.91,15.62
-14.04,0.00,14.04
-14.04,0.00,14.04
-14.04,0.00,14.04
-14.04,0.00,14.04
-14.04,0.00,14.04
-13.93,6.91,15.62
-13.93,6.91,15.62
-13.93,6.91,15.62
-14.04,0.00,14.04
-14.04,0.00,14.04
-13.93,6.91,15.62
-13.93,6.91,15.62
-13.93,6.91,15.62
-13.63,13.63,19.47
-13.63,13.63,19.47
-13.63,13.63,19.47
-13.63,13.63,19.47
-13.93,6.91,15.62
-13.93,6.91,15.62
-13.93,6.91,15.62
-13.63,13.63,19.47
-13.63,13.63,19.47
-13.63,13.63,19.47
-13.93,6.91,15.62
-13.93,6.91,15.62
-13.63,13.63,19.47
-13.63,13.63,19.47
-13.63,13.63,19.47
-13.63,13.63,19.47
-13.63,13.63,19.47
-13.63,13.63,19.47
-13.63,13.63,19.47
-13.63,13.63,19.47
-13.63,13.63,19.47
-13.63,13.63,19.47
-13.63,13.63,19.47
-13.93,6.91,15.62
-13.93,6.91,15.62
-13.93,6.91,15.62
-13.93,6.91,15.62
-13.93,6.91,15.62
-15.79,7.82,17.72
-15.79,7.82,17.72
-14.04,0.00,14.04
-14.04,0.00,14.04
-14.04,0.00,14.04
-14.04,0.00,14.04
-14.04,0.00,14.04
-14.04,0.00,14.04
-14.04,0.00,14.04
-14.04,0.00,14.04
-14.04,0.00,14.04
-14.04,0.00,14.04
-14.04,0.00,14.04
-14.04,0.00,14.04
-14.04,0.00,14.04
-14.04,0.00,14.04
-14.04,0.00,14.04
-14.04,0.00,14.04
-14.04,0.00,14.04
-14.04,0.00,14.04
-14.04,0.00,14.04
-14.04,0.00,14.04
-14.04,0.00,14.04
-14.04,0.00,14.04
-14.04,0.00,14.04
-14.04,0.00,14.04
-7.07,-7.07,10.02
-7.07,-7.07,10.02
-7.07,-7.07,10.02
-7.07,-7.07,10.02
-7.07,-7.07,10.02
-7.07,-7.07,10.02
-7.07,-7.07,10.02
-6.30,-6.30,8.93
-6.30,-6.30,8.93
-6.30,-6.30,8.93
-6.30,-6.30,8.93
-6.30,-6.30,8.93
-6.30,-6.30,8.93
-6.30,-6.30,8.93
-6.30,-6.30,8.93
-6.30,-6.30,8.93
-6.30,-6.30,8.93
-7.07,-7.07,10.02
-7.07,-7.07,10.02
-6.30,-6.30,8.93
-6.30,-6.30,8.93
-6.30,-6.30,8.93
-6.30,-6.30,8.93
-7.13,0.00,7.13
-14.04,0.00,14.04
-14.04,0.00,14.04
-14.04,0.00,14.04
-7.13,0.00,7.13
-7.13,0.00,7.13
-7.13,0.00,7.13
-7.13,0.00,7.13
-14.04,0.00,14.04
-14.04,0.00,14.04
-14.04,0.00,14.04
-14.04,0.00,14.04
-14.04,0.00,14.04
-14.04,0.00,14.04
-14.04,0.00,14.04
-14.04,0.00,14.04
-14.04,0.00,14.04
-14.04,0.00,14.04
-14.04,0.00,14.04
-14.04,0.00,14.04
-14.04,0.00,14.04
-14.04,0.00,14.04
-14.04,0.00,14.04
-14.04,0.00,14.04
-14.04,0.00,14.04
-14.04,0.00,14.04
-14.04,0.00,14.04
-14.04,0.00,14.04
-14.04,0.00,14.04
-14.04,0.00,14.04
-14.04,0.00,14.04
-13.93,6.91,15.62
-13.93,6.91,15.62
-22.40,14.71,27.25
-22.40,14.71,27.25
-22.40,14.71,27.25
-21.50,21.50,31.22
-21.50,21.50,31.22
-13.63,13.63,19.47
-19.99,13.17,24.26
-19.35,19.35,27.94
-19.35,19.35,27.94
-19.99,13.17,24.26
-19.99,13.17,24.26
-19.99,13.17,24.26
-13.63,13.63,19.47
-13.63,13.63,19.47
-13.63,13.63,19.47
-13.63,13.63,19.47
-13.63,13.63,19.47
-19.99,13.17,24.26
-19.99,13.17,24.26
-19.99,13.17,24.26
-19.99,13.17,24.26
-22.40,14.71,27.25
-22.40,14.71,27.25
-22.99,7.48,24.31
-20.41,6.68,21.57
-13.93,6.91,15.62
-13.93,6.91,15.62
-13.93,6.91,15.62
-13.93,6.91,15.62
-14.04,0.00,14.04
-14.04,0.00,14.04
-14.04,0.00,14.04
-20.56,0.00,20.56
-20.56,0.00,20.56
-14.04,0.00,14.04
-14.04,0.00,14.04
-14.04,0.00,14.04
-14.04,0.00,14.04
-14.04,0.00,14.04
-20.56,0.00,20.56
-20.56,0.00,20.56
-20.56,0.00,20.56
-14.04,0.00,14.04
-14.04,0.00,14.04
-14.04,0.00,14.04
-14.04,0.00,14.04
-20.56,0.00,20.56
-20.56,0.00,20.56
-20.56,0.00,20.56
-20.56,0.00,20.56
-14.04,0.00,14.04
-14.04,0.00,14.04
-14.04,0.00,14.04
-14.04,0.00,14.04
-14.04,0.00,14.04
-20.56,0.00,20.56
