-63.43,0,-63.43
-63.43,0,-63.43
-63.43,0,-63.43
-57.49,6.05,-58.19
-60.47,5.55,-61.09
-55.95,5.28,-56.47
-55.95,5.28,-56.47
-57.49,6.05,-58.19
-57.49,6.05,-58.19
-62.73,6.38,-63.61
-62.73,6.38,-63.61
-62.73,6.38,-63.61
-60.47,5.55,-61.09
-58.69,4.9,-59.16
-58.69,4.9,-59.16
-55.95,5.28,-56.47
-59.5,7.07,-60.5
-65.69,7.48,-67.01
-72.28,7.82,-74.21
-70.64,6.02,-71.67
-70.64,6.02,-71.67
-70.64,6.02,-71.67
-79.98,7.07,-82.93
-81.87,8.13,90
-81.87,8.13,90
-82.87,7.13,90
-83.66,0,-83.66
-83.66,0,-83.66
-81.07,6.3,-83.7
-81.07,6.3,-83.7
-90,0,90
-90,0,90
-90,0,90
-90,0,90
-90,0,90
-90,0,90
-90,0,90
-90,0,90
-90,0,90
-90,0,90
-90,0,90
-79.98,7.07,-82.93
-74.38,6.91,-76.07
-70.64,6.02,-71.67
-68.17,11.9,-71.98
-63.58,11.48,-66.55
-60.79,12.6,-64.12
-62.73,6.38,-63.61
-62.73,6.38,-63.61
-62.73,6.38,-63.61
-60.79,12.6,-64.12
-56.05,11.97,-58.77
-56.05,11.97,-58.77
-56.05,11.97,-58.77
-56.05,11.97,-58.77
-52.43,13.09,-55.52
-52.43,13.09,-55.52
-52.43,13.09,-55.52
-52.43,13.09,-55.52
-52.43,13.09,-55.52
-50.21,19.23,-56.71
-51.67,11.31,-53.96
-46.22,18.02,-51.77
-46.22,18.02,-51.77
-46.22,18.02,-51.77
-46.22,18.02,-51.77
-46.22,18.02,-51.77
-46.22,18.02,-51.77
-42.59,16.86,-47.41
-46.22,18.02,-51.77
-46.22,18.02,-51.77
-41.81,19.47,-48.19
-41.81,19.47,-48.19
-41.81,19.47,-48.19
-46.22,18.02,-51.77
-42.59,16.86,-47.41
-42.59,16.86,-47.41
-42.59,16.86,-47.41
-42.59,16.86,-47.41
-42.59,16.86,-47.41
-42.59,16.86,-47.41
-47.9,12.24,-50.51
-47.9,12.24,-50.51
-47.9,12.24,-50.51
-51.67,11.31,-53.96
-51.67,11.31,-53.96
-52.43,13.09,-55.52
-52.43,13.09,-55.52
-52.43,13.09,-55.52
-56.05,11.97,-58.77
-56.05,11.97,-58.77
-60.79,12.6,-64.12
-57.43,13.93,-61.21
-68.43,6.68,-69.59
-68.43,6.68,-69.59
-68.43,6.68,-69.59
-69.44,0,-69.44
-71.57,0,-71.57
-66.04,0,-66.04
-62.73,6.38,-63.61
-68.43,6.68,-69.59
-69.44,0,-69.44
-75.96,0,-75.96
-77.47,0,-77.47
-77.47,0,-77.47
-77.47,0,-77.47
-77.47,0,-77.47
-82.87,0,-82.87
-90,0,90
-82.87,0,-82.87
-83.66,0,-83.66
-83.66,0,-83.66
-83.66,0,-83.66
-82.87,0,-82.87
-82.87,0,-82.87
-82.87,0,-82.87
-82.87,0,-82.87
-81.87,0,-81.87
-82.87,0,-82.87
-75.96,0,-75.96
-77.47,0,-77.47
-70.64,6.02,-71.67
-70.64,6.02,-71.67
-68.43,6.68,-69.59
-68.43,6.68,-69.59
-69.44,0,-69.44
-62.73,6.38,-63.61
-57.49,6.05,-58.19
-57.49,6.05,-58.19
-56.05,11.97,-58.77
-52.43,13.09,-55.52
-52.43,13.09,-55.52
-52.43,13.09,-55.52
-52.43,13.09,-55.52
-52.43,13.09,-55.52
-50.02,16.7,-54.92
-46.41,15.76,-50.67
-46.22,18.02,-51.77
-46.22,18.02,-51.77
-46.22,18.02,-51.77
-42.59,16.86,-47.41
-42.59,16.86,-47.41
-42.59,16.86,-47.41
-38.23,18.02,-43.78
-38.23,18.02,-43.78
-39.49,12.24,-42.1
-43.88,11.42,-46.12
-43.88,11.42,-46.12
-43.88,11.42,-46.12
-40.33,10.66,-42.3
-40.33,10.66,-42.3
-40.33,10.66,-42.3
-40.33,10.66,-42.3
-39.33,15.76,-43.59
-42.59,16.86,-47.41
-48.09,14.36,-51.67
-52.43,13.09,-55.52
-56.05,11.97,-58.77
-56.05,11.97,-58.77
-56.05,11.97,-58.77
-57.43,13.93,-61.21
-57.43,13.93,-61.21
-62.73,6.38,-63.61
-62.73,6.38,-63.61
-62.73,6.38,-63.61
-68.43,6.68,-69.59
-72.28,7.82,-74.21
-74.38,6.91,-76.07
-75.96,0,-75.96
-71.57,0,-71.57
-71.57,0,-71.57
-67.59,5.3,-68.3
-74.38,6.91,-76.07
-81.87,0,-81.87
-90,0,90
-90,0,90
-90,0,90
-90,0,90
-90,0,90
-90,0,90
-90,0,90
-90,0,90
-81.87,0,81.87
-90,0,90
-90,0,90
-90,0,90
-90,0,90
-90,0,90
-90,0,90
-81.87,0,81.87
-78.58,-8.05,81.95
-90,0,90
-90,0,90
-83.66,0,-83.66
-83.66,0,-83.66
-83.66,0,-83.66
-82.87,0,-82.87
-82.87,0,-82.87
-82.87,0,-82.87
-75.96,0,-75.96
-71.57,0,-71.57
-65.39,5.8,-66.17
-65.39,5.8,-66.17
-62.73,6.38,-63.61
-62.73,6.38,-63.61
-62.73,6.38,-63.61
-62.73,6.38,-63.61
-62.73,6.38,-63.61
-57.49,6.05,-58.19
-56.05,11.97,-58.77
-56.05,11.97,-58.77
-56.05,11.97,-58.77
-57.43,13.93,-61.21
-59.5,7.07,-60.5
-62.73,6.38,-63.61
-56.05,11.97,-58.77
-51.67,11.31,-53.96
-47.7,10.66,-49.67
-47.7,10.66,-49.67
-47.9,12.24,-50.51
-47.9,12.24,-50.51
-47.9,12.24,-50.51
-51.67,11.31,-53.96
-51.67,11.31,-53.96
-51.67,11.31,-53.96
-52.43,13.09,-55.52
-57.43,13.93,-61.21
-57.43,13.93,-61.21
-59.5,7.07,-60.5
-62.73,6.38,-63.61
-62.73,6.38,-63.61
-62.73,6.38,-63.61
-60.79,12.6,-64.12
-65.74,13.17,-70.01
-60.79,12.6,-64.12
-65.39,5.8,-66.17
-65.39,5.8,-66.17
-62.73,6.38,-63.61
-63.58,11.48,-66.55
-60.79,12.6,-64.12
-65.74,13.17,-70.01
-74.38,6.91,-76.07
-76.05,6.19,-77.55
-71.57,0,-71.57
-73.3,0,-73.3
-70.64,6.02,-71.67
-72.28,7.82,-74.21
-80.54,9.46,90
-90,0,90
-90,0,90
-90,0,90
-90,0,90
-90,0,90
-90,0,90
-90,0,90
-90,0,90
-90,0,90
-90,0,90
-90,0,90
-90,0,90
-90,0,90
-82.87,7.13,90
-90,0,90
-82.87,0,-82.87
-82.87,0,-82.87
-77.47,0,-77.47
-70.64,6.02,-71.67
-70.64,6.02,-71.67
-65.74,13.17,-70.01
-72.28,7.82,-74.21
-72.28,7.82,-74.21
-72.28,7.82,-74.21
-65.69,7.48,-67.01
-60.79,12.6,-64.12
-56.05,11.97,-58.77
-50.02,16.7,-54.92
-50.21,19.23,-56.71
-50.21,19.23,-56.71
-47.9,12.24,-50.51
-47.7,10.66,-49.67
-43.12,14.85,-46.88
-42.59,16.86,-47.41
-42.59,16.86,-47.41
-42.59,16.86,-47.41
-43.88,11.42,-46.12
-39.49,12.24,-42.1
-43.88,11.42,-46.12
-43.88,11.42,-46.12
-39.33,15.76,-43.59
-39.33,15.76,-43.59
-43.88,11.42,-46.12
-47.9,12.24,-50.51
-47.9,12.24,-50.51
-47.9,12.24,-50.51
-47.9,12.24,-50.51
-47.9,12.24,-50.51
-52.43,13.09,-55.52
-52.43,13.09,-55.52
-52.43,13.09,-55.52
-52.43,13.09,-55.52
-53.93,6.63,-54.74
-57.49,6.05,-58.19
-57.49,6.05,-58.19
-57.49,6.05,-58.19
-52.43,13.09,-55.52
-59.5,7.07,-60.5
-59.5,7.07,-60.5
-62.73,6.38,-63.61
-60.47,5.55,-61.09
-60.47,5.55,-61.09
-56.05,11.97,-58.77
-62.75,14.71,-67.6
-65.69,7.48,-67.01
-69.44,0,-69.44
-71.57,0,-71.57
-68.2,0,-68.2
-62.98,5.11,-63.55
-65.39,5.8,-66.17
-69.56,8.98,-71.8
-90,0,90
-80.54,0,80.54
-79.98,-7.07,82.93
-84.29,-5.71,90
-90,0,90
-90,0,90
-90,0,90
-81.87,-8.13,90
-82.87,-7.13,90
-79.98,-7.07,-82.93
-83.66,0,-83.66
-77.47,0,-77.47
-83.66,0,-83.66
-82.87,0,-82.87
-82.87,0,-82.87
-75.96,0,-75.96
-77.47,0,-77.47
-71.57,0,-71.57
-71.57,0,-71.57
-71.57,0,-71.57
-69.44,0,-69.44
-75.96,0,-75.96
-75.96,0,-75.96
-75.96,0,-75.96
-69.44,0,-69.44
-69.44,0,-69.44
-62.73,6.38,-63.61
-62.73,6.38,-63.61
-59.5,7.07,-60.5
-59.5,7.07,-60.5
-59.5,7.07,-60.5
-57.49,6.05,-58.19
-57.49,6.05,-58.19
-52.75,5.71,-53.34
-51.67,11.31,-53.96
-51.67,11.31,-53.96
-51.67,11.31,-53.96
-52.75,5.71,-53.34
-47.9,12.24,-50.51
-47.9,12.24,-50.51
-47.7,10.66,-49.67
-47.7,10.66,-49.67
-47.7,10.66,-49.67
-43.88,11.42,-46.12
-47.9,12.24,-50.51
-47.9,12.24,-50.51
-47.7,10.66,-49.67
-47.7,10.66,-49.67
-47.5,9.43,-49.05
-44.31,8.93,-45.69
-47.7,10.66,-49.67
-48.09,14.36,-51.67
-53.3,15.5,-57.69
-65.69,7.48,-67.01
-63.43,0,-63.43
-66.04,0,-66.04
-65.39,5.8,-66.17
-68.43,6.68,-69.59
-69.56,8.98,-71.8
-74.05,0,-74.05
-75.96,0,-75.96
-75.96,0,-75.96
-71.57,0,-71.57
-71.57,0,-71.57
-66.04,0,-66.04
-69.44,0,-69.44
-74.05,0,-74.05
-75.96,0,-75.96
-75.96,0,-75.96
-77.47,0,-77.47
-77.47,0,-77.47
-77.47,0,-77.47
-75.96,0,-75.96
-75.96,0,-75.96
-75.96,0,-75.96
-75.96,0,-75.96
-75.96,0,-75.96
-75.96,0,-75.96
-75.96,0,-75.96
-75.96,0,-75.96
-71.57,0,-71.57
-66.04,0,-66.04
-66.04,0,-66.04
-63.43,0,-63.43
-63.43,0,-63.43
-63.43,0,-63.43
-57.49,6.05,-58.19
-57.49,6.05,-58.19
-57.49,6.05,-58.19
-57.49,6.05,-58.19
-57.49,6.05,-58.19
-57.49,6.05,-58.19
-52.75,5.71,-53.34
-52.75,5.71,-53.34
-51.67,11.31,-53.96
-47.9,12.24,-50.51
-47.9,12.24,-50.51
-47.9,12.24,-50.51
-47.9,12.24,-50.51
-47.7,10.66,-49.67
-44.13,10.02,-45.87
-44.13,10.02,-45.87
-44.13,10.02,-45.87
-43.88,11.42,-46.12
-43.49,13.26,-46.51
-47.9,12.24,-50.51
-52.75,5.71,-53.34
-51.67,11.31,-53.96
-51.67,11.31,-53.96
-56.05,11.97,-58.77
-57.43,13.93,-61.21
-62.21,8.48,-63.75
-65.69,7.48,-67.01
-69.44,0,-69.44
-66.04,0,-66.04
-65.39,5.8,-66.17
-65.39,5.8,-66.17
-65.69,7.48,-67.01
-72.28,7.82,-74.21
-74.05,0,-74.05
-75.96,0,-75.96
-77.47,0,-77.47
-77.47,0,-77.47
-75.96,0,-75.96
-75.96,0,-75.96
-75.96,0,-75.96
-75.96,0,-75.96
-75.96,0,-75.96
-75.96,0,-75.96
-69.44,0,-69.44
-69.44,0,-69.44
-62.73,6.38,-63.61
-62.73,6.38,-63.61
-62.73,6.38,-63.61
-62.73,6.38,-63.61
-63.43,0,-63.43
-57.99,0,-57.99
-57.49,6.05,-58.19
-57.49,6.05,-58.19
-57.49,6.05,-58.19
-53.93,6.63,-54.74
-53.93,6.63,-54.74
-53.93,6.63,-54.74
-53.93,6.63,-54.74
-53.93,6.63,-54.74
-51.67,11.31,-53.96
-51.67,11.31,-53.96
-47.9,12.24,-50.51
-47.9,12.24,-50.51
-47.9,12.24,-50.51
-47.9,12.24,-50.51
-47.9,12.24,-50.51
-43.49,13.26,-46.51
-43.88,11.42,-46.12
-43.88,11.42,-46.12
-43.88,11.42,-46.12
-43.88,11.42,-46.12
-43.88,11.42,-46.12
-39.49,12.24,-42.1
-39.49,12.24,-42.1
-39.49,12.24,-42.1
-38.23,18.02,-43.78
-39.49,12.24,-42.1
-39.49,12.24,-42.1
-38.23,18.02,-43.78
-39.49,12.24,-42.1
-39.49,12.24,-42.1
-39.49,12.24,-42.1
-43.88,11.42,-46.12
-43.88,11.42,-46.12
-40.33,10.66,-42.3
-43.88,11.42,-46.12
-39.49,12.24,-42.1
-47.9,12.24,-50.51
-49.01,6.19,-49.68
-52.75,5.71,-53.34
-48.53,5.37,-49.03
-44.78,5.05,-45.22
-47.9,12.24,-50.51
-48.19,17.35,-53.4
-63.43,0,-63.43
-63.43,0,-63.43
-60.95,0,-60.95
-59.04,0,-59.04
-51.84,5.01,-52.3
-53.93,6.63,-54.74
-57.69,9.73,-59.53
-80.54,0,-80.54
-74.38,-6.91,-76.07
-73.3,0,-73.3
-73.3,0,-73.3
-68.2,0,-68.2
-75.96,0,-75.96
-90,0,90
-90,0,90
-82.87,-7.13,90
-90,0,90
-83.66,0,-83.66
-83.66,0,-83.66
-82.87,0,-82.87
-82.87,0,-82.87
-82.87,0,-82.87
-75.96,0,-75.96
-71.57,0,-71.57
-66.04,0,-66.04
-66.04,0,-66.04
-69.44,0,-69.44
-69.44,0,-69.44
-69.44,0,-69.44
-69.44,0,-69.44
-63.43,0,-63.43
-63.43,0,-63.43
-63.43,0,-63.43
-63.43,0,-63.43
-63.43,0,-63.43
-63.43,0,-63.43
-63.43,0,-63.43
-57.49,6.05,-58.19
-57.49,6.05,-58.19
-57.49,6.05,-58.19
-53.93,6.63,-54.74
-53.93,6.63,-54.74
-53.93,6.63,-54.74
-52.75,5.71,-53.34
-52.75,5.71,-53.34
-48.53,5.37,-49.03
-49.01,6.19,-49.68
-49.01,6.19,-49.68
-49.01,6.19,-49.68
-49.01,6.19,-49.68
-49.01,6.19,-49.68
-49.01,6.19,-49.68
-44.71,5.77,-45.29
-44.71,5.77,-45.29
-43.88,11.42,-46.12
-43.88,11.42,-46.12
-43.88,11.42,-46.12
-43.88,11.42,-46.12
-43.88,11.42,-46.12
-43.88,11.42,-46.12
-47.7,10.66,-49.67
-48.53,5.37,-49.03
-48.53,5.37,-49.03
-43.88,11.42,-46.12
-43.88,11.42,-46.12
-47.9,12.24,-50.51
-49.01,6.19,-49.68
-53.93,6.63,-54.74
-59.5,7.07,-60.5
-63.43,0,-63.43
-63.43,0,-63.43
-62.73,6.38,-63.61
-62.73,6.38,-63.61
-68.43,6.68,-69.59
-69.44,0,-69.44
-71.57,0,-71.57
-66.04,0,-66.04
-69.44,0,-69.44
-69.44,0,-69.44
-69.44,0,-69.44
-69.44,0,-69.44
-71.57,0,-71.57
-71.57,0,-71.57
-71.57,0,-71.57
-75.96,0,-75.96
-81.87,0,-81.87
-90,0,90
-90,0,90
-83.66,0,-83.66
-83.66,0,-83.66
-83.66,0,-83.66
-83.66,0,-83.66
-82.87,0,-82.87
-82.87,0,-82.87
-90,0,90
-90,0,90
-90,0,90
-82.87,0,-82.87
-82.87,0,-82.87
-75.96,0,-75.96
-71.57,0,-71.57
-71.57,0,-71.57
-71.57,0,-71.57
-66.04,0,-66.04
-66.04,0,-66.04
-63.43,0,-63.43
-63.43,0,-63.43
-63.43,0,-63.43
-63.43,0,-63.43
-63.43,0,-63.43
-57.99,0,-57.99
-57.49,6.05,-58.19
-57.49,6.05,-58.19
-57.49,6.05,-58.19
-57.49,6.05,-58.19
-57.49,6.05,-58.19
-52.75,5.71,-53.34
-52.75,5.71,-53.34
-52.75,5.71,-53.34
-53.93,6.63,-54.74
-53.93,6.63,-54.74
-52.75,5.71,-53.34
-52.75,5.71,-53.34
-52.75,5.71,-53.34
-52.75,5.71,-53.34
-44.71,5.77,-45.29
-49.01,6.19,-49.68
-49.01,6.19,-49.68
-49.01,6.19,-49.68
-49.01,6.19,-49.68
-52.75,5.71,-53.34
-52.75,5.71,-53.34
-52.75,5.71,-53.34
-52.75,5.71,-53.34
-52.75,5.71,-53.34
-52.75,5.71,-53.34
-52.75,5.71,-53.34
-52.75,5.71,-53.34
-57.49,6.05,-58.19
-53.93,6.63,-54.74
-59.5,7.07,-60.5
-62.73,6.38,-63.61
-63.43,0,-63.43
-63.43,0,-63.43
-62.73,6.38,-63.61
-62.73,6.38,-63.61
-68.43,6.68,-69.59
-68.43,6.68,-69.59
-75.96,0,-75.96
-75.96,0,-75.96
-71.57,0,-71.57
-71.57,0,-71.57
-70.64,6.02,-71.67
-68.43,6.68,-69.59
-69.44,0,-69.44
-69.44,0,-69.44
-75.96,0,-75.96
-77.47,0,-77.47
-71.57,0,-71.57
-77.47,0,-77.47
-82.87,0,-82.87
-82.87,0,-82.87
-82.87,0,-82.87
-83.66,0,-83.66
-83.66,0,-83.66
-83.66,0,-83.66
-83.66,0,-83.66
-82.87,0,-82.87
-90,0,90
-90,0,90
-90,0,90
-90,0,90
-90,0,90
-83.66,0,-83.66
-77.47,0,-77.47
-71.57,0,-71.57
-71.57,0,-71.57
-69.44,0,-69.44
-69.44,0,-69.44
-75.96,0,-75.96
-69.44,0,-69.44
-71.57,0,-71.57
-66.04,0,-66.04
-65.39,5.8,-66.17
-62.73,6.38,-63.61
-62.73,6.38,-63.61
-62.73,6.38,-63.61
-62.73,6.38,-63.61
-62.73,6.38,-63.61
-57.49,6.05,-58.19
-57.49,6.05,-58.19
-57.49,6.05,-58.19
-57.49,6.05,-58.19
-52.75,5.71,-53.34
-52.75,5.71,-53.34
-52.75,5.71,-53.34
-52.75,5.71,-53.34
-52.75,5.71,-53.34
-57.49,6.05,-58.19
-57.49,6.05,-58.19
-57.49,6.05,-58.19
-57.49,6.05,-58.19
-57.49,6.05,-58.19
-57.49,6.05,-58.19
-57.49,6.05,-58.19
-52.75,5.71,-53.34
-57.49,6.05,-58.19
-53.93,6.63,-54.74
-57.49,6.05,-58.19
-57.49,6.05,-58.19
-55.95,5.28,-56.47
-54.74,4.68,-55.14
-51.84,5.01,-52.3
-57.49,6.05,-58.19
-62.21,8.48,-63.75
-69.56,8.98,-71.8
-75.96,0,-75.96
-77.47,0,-77.47
-77.47,0,-77.47
-77.47,0,-77.47
-77.47,0,-77.47
-81.87,0,-81.87
-82.87,0,-82.87
-82.87,0,-82.87
-82.87,0,-82.87
-83.66,0,-83.66
-83.66,0,-83.66
-83.66,0,-83.66
-83.66,0,-83.66
-82.87,0,-82.87
-90,0,90
-90,0,90
-90,0,90
-90,0,90
-90,0,90
-90,0,90
-83.66,0,-83.66
-82.87,0,-82.87
-75.96,0,-75.96
-77.47,0,-77.47
-77.47,0,-77.47
-75.96,0,-75.96
-69.44,0,-69.44
-69.44,0,-69.44
-63.43,0,-63.43
-62.73,6.38,-63.61
-62.73,6.38,-63.61
-57.49,6.05,-58.19
-57.49,6.05,-58.19
-62.73,6.38,-63.61
-59.5,7.07,-60.5
-59.5,7.07,-60.5
-57.49,6.05,-58.19
-51.67,11.31,-53.96
-51.67,11.31,-53.96
-47.9,12.24,-50.51
-47.9,12.24,-50.51
-47.9,12.24,-50.51
-47.9,12.24,-50.51
-47.9,12.24,-50.51
-47.9,12.24,-50.51
-47.9,12.24,-50.51
-43.88,11.42,-46.12
-43.88,11.42,-46.12
-43.88,11.42,-46.12
-43.88,11.42,-46.12
-43.88,11.42,-46.12
-43.49,13.26,-46.51
-52.43,13.09,-55.52
-52.43,13.09,-55.52
-51.67,11.31,-53.96
-47.5,9.43,-49.05
-47.5,9.43,-49.05
-43.88,11.42,-46.12
-48.09,14.36,-51.67
-53.3,15.5,-57.69
-59.5,7.07,-60.5
-65.39,5.8,-66.17
-60.47,5.55,-61.09
-60.47,5.55,-61.09
-62.73,6.38,-63.61
-69.56,8.98,-71.8
-74.05,0,-74.05
-69.44,0,-69.44
-71.57,0,-71.57
-68.2,0,-68.2
-65.39,5.8,-66.17
-68.43,6.68,-69.59
-74.05,0,-74.05
-82.87,0,-82.87
-77.47,0,-77.47
-83.66,0,-83.66
-83.66,0,-83.66
-83.66,0,-83.66
-83.66,0,-83.66
-82.87,0,-82.87
-90,0,90
-90,0,90
-90,0,90
-90,0,90
-90,0,90
-83.66,0,-83.66
-83.66,0,-83.66
-77.47,0,-77.47
-77.47,0,-77.47
-75.96,0,-75.96
-69.44,0,-69.44
-69.44,0,-69.44
-71.57,0,-71.57
-66.04,0,-66.04
-62.73,6.38,-63.61
-68.43,6.68,-69.59
-68.43,6.68,-69.59
-62.73,6.38,-63.61
-62.73,6.38,-63.61
-62.73,6.38,-63.61
-62.73,6.38,-63.61
-62.73,6.38,-63.61
-57.49,6.05,-58.19
-57.49,6.05,-58.19
-57.49,6.05,-58.19
-57.49,6.05,-58.19
-57.49,6.05,-58.19
-51.67,11.31,-53.96
-47.9,12.24,-50.51
-52.43,13.09,-55.52
-52.43,13.09,-55.52
-52.43,13.09,-55.52
-51.67,11.31,-53.96
-47.7,10.66,-49.67
-43.88,11.42,-46.12
-47.9,12.24,-50.51
-47.9,12.24,-50.51
-47.9,12.24,-50.51
-46.22,18.02,-51.77
-46.22,18.02,-51.77
-46.22,18.02,-51.77
-46.22,18.02,-51.77
-46.22,18.02,-51.77
-46.22,18.02,-51.77
-46.22,18.02,-51.77
-46.22,18.02,-51.77
-46.22,18.02,-51.77
-42.59,16.86,-47.41
-42.59,16.86,-47.41
-42.59,16.86,-47.41
-42.59,16.86,-47.41
-43.88,11.42,-46.12
-43.88,11.42,-46.12
-43.88,11.42,-46.12
-44.13,10.02,-45.87
-43.12,14.85,-46.88
-43.88,11.42,-46.12
-48.09,14.36,-51.67
-53.3,15.5,-57.69
-59.5,7.07,-60.5
-57.49,6.05,-58.19
-60.47,5.55,-61.09
-54.9,10.48,-56.94
-52.43,13.09,-55.52
-59,16.6,-64.62
-69.56,8.98,-71.8
-74.38,6.91,-76.07
-71.57,0,-71.57
-68.2,0,-68.2
-67.59,5.3,-68.3
-60.79,12.6,-64.12
-69.56,8.98,-71.8
-76.74,9.34,-80.66
-81.87,0,-81.87
-83.66,0,-83.66
-83.66,0,-83.66
-83.66,0,-83.66
-77.47,0,-77.47
-75.96,0,-75.96
-82.87,0,-82.87
-81.87,0,-81.87
-90,0,90
-90,0,90
-83.66,0,-83.66
-83.66,0,-83.66
-83.66,0,-83.66
-79.98,7.07,-82.93
-82.87,0,-82.87
-75.96,0,-75.96
-77.47,0,-77.47
-77.47,0,-77.47
-71.57,0,-71.57
-71.57,0,-71.57
-69.44,0,-69.44
-74.38,6.91,-76.07
-68.43,6.68,-69.59
-68.43,6.68,-69.59
-68.43,6.68,-69.59
-62.73,6.38,-63.61
-62.73,6.38,-63.61
-68.43,6.68,-69.59
-68.43,6.68,-69.59
-62.73,6.38,-63.61
-60.79,12.6,-64.12
-56.05,11.97,-58.77
-51.67,11.31,-53.96
-51.67,11.31,-53.96
-50.21,19.23,-56.71
-50.21,19.23,-56.71
-46.22,18.02,-51.77
-46.22,18.02,-51.77
-46.22,18.02,-51.77
-46.22,18.02,-51.77
-46.22,18.02,-51.77
-46.22,18.02,-51.77
-42.59,16.86,-47.41
-42.59,16.86,-47.41
-46.22,18.02,-51.77
-46.22,18.02,-51.77
-46.22,18.02,-51.77
-50.02,16.7,-54.92
-46.41,15.76,-50.67
-46.49,13.99,-49.86
-43.12,14.85,-46.88
-43.88,11.42,-46.12
-45.82,21.01,-53.3
-54.2,18.93,-60.88
-62.75,14.71,-67.6
-68.43,6.68,-69.59
-70.64,6.02,-71.67
-70.64,6.02,-71.67
-68.43,6.68,-69.59
-74.38,6.91,-76.07
-72.28,7.82,-74.21
-75.96,0,-75.96
-75.96,0,-75.96
-77.47,0,-77.47
-77.47,0,-77.47
-83.66,0,-83.66
-77.47,0,-77.47
-77.47,0,-77.47
-82.87,0,-82.87
-82.87,0,-82.87
-90,0,90
-90,0,90
-90,0,90
-90,0,90
-90,0,90
-90,0,90
-90,0,90
-90,0,90
-90,0,90
-90,0,90
-90,0,90
-77.47,0,-77.47
-77.47,0,-77.47
-77.47,0,-77.47
-75.96,0,-75.96
-75.96,0,-75.96
-74.05,0,-74.05
-75.96,0,-75.96
-69.44,0,-69.44
-65.39,5.8,-66.17
-60.79,12.6,-64.12
-62.75,14.71,-67.6
-62.75,14.71,-67.6
-65.69,7.48,-67.01
-62.73,6.38,-63.61
-51.67,11.31,-53.96
-50.02,16.7,-54.92
-46.22,18.02,-51.77
-46.22,18.02,-51.77
-50.21,19.23,-56.71
-46.22,18.02,-51.77
-46.22,18.02,-51.77
-46.22,18.02,-51.77
-40.97,22,-49.03
-40.97,22,-49.03
-46.22,18.02,-51.77
-46.22,18.02,-51.77
-46.22,18.02,-51.77
-46.22,18.02,-51.77
-42.59,16.86,-47.41
-42.59,16.86,-47.41
-46.22,18.02,-51.77
-46.22,18.02,-51.77
-46.22,18.02,-51.77
-46.41,15.76,-50.67
-46.22,18.02,-51.77
-47.9,12.24,-50.51
-47.9,12.24,-50.51
-56.05,11.97,-58.77
-56.05,11.97,-58.77
-56.05,11.97,-58.77
-56.05,11.97,-58.77
-56.05,11.97,-58.77
-56.05,11.97,-58.77
-62.73,6.38,-63.61
-65.69,7.48,-67.01
-72.28,7.82,-74.21
-79.98,7.07,-82.93
-77.47,0,-77.47
-77.47,0,-77.47
-77.47,0,-77.47
-82.87,0,-82.87
-90,0,90
-90,0,90
-90,0,90
-90,0,90
-90,0,90
-90,0,90
-90,0,90
-90,0,90
-90,0,90
-90,0,90
-90,0,90
-83.66,0,-83.66
-77.47,0,-77.47
-76.05,6.19,-77.55
-74.38,6.91,-76.07
-82.87,0,-82.87
-82.87,0,-82.87
-75.96,0,-75.96
-71.57,0,-71.57
-70.64,6.02,-71.67
-65.39,5.8,-66.17
-65.39,5.8,-66.17
-62.73,6.38,-63.61
-68.43,6.68,-69.59
-68.43,6.68,-69.59
-68.43,6.68,-69.59
-68.43,6.68,-69.59
-62.73,6.38,-63.61
-62.73,6.38,-63.61
-56.05,11.97,-58.77
-52.43,13.09,-55.52
-57.43,13.93,-61.21
-57.43,13.93,-61.21
-56.05,11.97,-58.77
-56.05,11.97,-58.77
-56.05,11.97,-58.77
-52.43,13.09,-55.52
-52.43,13.09,-55.52
-50.21,19.23,-56.71
-50.21,19.23,-56.71
-46.22,18.02,-51.77
-46.22,18.02,-51.77
-46.22,18.02,-51.77
-46.22,18.02,-51.77
-46.22,18.02,-51.77
-46.22,18.02,-51.77
-44.15,23.45,-53.34
-44.15,23.45,-53.34
-44.15,23.45,-53.34
-39.76,25.24,-50.24
-39.76,25.24,-50.24
-40.97,22,-49.03
-42.59,16.86,-47.41
-42.59,16.86,-47.41
-42.59,16.86,-47.41
-46.22,18.02,-51.77
-46.22,18.02,-51.77
-46.22,18.02,-51.77
-42.59,16.86,-47.41
-46.41,15.76,-50.67
-46.41,15.76,-50.67
-46.22,18.02,-51.77
-45.82,21.01,-53.3
-57.43,13.93,-61.21
-59.5,7.07,-60.5
-62.73,6.38,-63.61
-62.73,6.38,-63.61
-60.79,12.6,-64.12
-60.79,12.6,-64.12
-57.43,13.93,-61.21
-59.5,7.07,-60.5
-65.69,7.48,-67.01
-62.73,6.38,-63.61
-65.39,5.8,-66.17
-65.39,5.8,-66.17
-68.43,6.68,-69.59
-72.28,7.82,-74.21
-72.28,7.82,-74.21
-74.38,6.91,-76.07
-74.38,6.91,-76.07
-70.64,6.02,-71.67
-70.64,6.02,-71.67
-70.64,6.02,-71.67
-74.38,6.91,-76.07
-74.38,6.91,-76.07
-82.87,0,-82.87
-82.87,0,-82.87
-82.87,0,-82.87
-79.98,7.07,-82.93
-79.98,7.07,-82.93
-74.38,6.91,-76.07
-74.38,6.91,-76.07
-68.43,6.68,-69.59
-68.43,6.68,-69.59
-68.43,6.68,-69.59
-68.43,6.68,-69.59
-68.43,6.68,-69.59
-68.43,6.68,-69.59
-68.43,6.68,-69.59
-60.79,12.6,-64.12
-56.05,11.97,-58.77
-56.05,11.97,-58.77
-56.05,11.97,-58.77
-56.05,11.97,-58.77
-52.43,13.09,-55.52
-52.43,13.09,-55.52
-52.43,13.09,-55.52
-46.22,18.02,-51.77
-46.22,18.02,-51.77
-50.21,19.23,-56.71
-50.21,19.23,-56.71
-50.21,19.23,-56.71
-50.21,19.23,-56.71
-50.21,19.23,-56.71
-46.22,18.02,-51.77
-46.22,18.02,-51.77
-41.81,19.47,-48.19
-41.81,19.47,-48.19
-46.22,18.02,-51.77
-46.22,18.02,-51.77
-46.22,18.02,-51.77
-46.22,18.02,-51.77
-39.76,25.24,-50.24
-39.76,25.24,-50.24
-41.81,19.47,-48.19
-41.81,19.47,-48.19
-42.59,16.86,-47.41
-42.59,16.86,-47.41
-38.23,18.02,-43.78
-38.23,18.02,-43.78
-38.23,18.02,-43.78
-41.81,19.47,-48.19
-41.81,19.47,-48.19
-42.59,16.86,-47.41
-42.59,16.86,-47.41
-42.59,16.86,-47.41
-43.12,14.85,-46.88
-42.59,16.86,-47.41
-41.81,19.47,-48.19
-45.82,21.01,-53.3
-52.43,13.09,-55.52
-56.05,11.97,-58.77
-56.05,11.97,-58.77
-56.05,11.97,-58.77
-56.05,11.97,-58.77
-57.43,13.93,-61.21
-62.75,14.71,-67.6
-65.69,7.48,-67.01
-68.43,6.68,-69.59
-65.39,5.8,-66.17
-65.39,5.8,-66.17
-62.73,6.38,-63.61
-65.69,7.48,-67.01
-72.28,7.82,-74.21
-69.44,0,-69.44
-71.57,0,-71.57
-70.64,6.02,-71.67
-65.39,5.8,-66.17
-65.39,5.8,-66.17
-74.38,6.91,-76.07
-74.05,0,-74.05
-82.87,0,-82.87
-82.87,0,-82.87
-90,0,90
-90,0,90
-83.66,0,-83.66
-83.66,0,-83.66
-83.66,0,-83.66
-82.87,0,-82.87
-82.87,0,-82.87
-82.87,0,-82.87
-82.87,0,-82.87
-83.66,0,-83.66
-77.47,0,-77.47
-77.47,0,-77.47
-75.96,0,-75.96
-75.96,0,-75.96
-75.96,0,-75.96
-75.96,0,-75.96
-71.57,0,-71.57
-71.57,0,-71.57
-68.43,6.68,-69.59
-68.43,6.68,-69.59
-68.43,6.68,-69.59
-68.43,6.68,-69.59
-62.73,6.38,-63.61
-62.73,6.38,-63.61
-57.49,6.05,-58.19
-56.05,11.97,-58.77
-56.05,11.97,-58.77
-56.05,11.97,-58.77
-52.43,13.09,-55.52
-52.43,13.09,-55.52
-47.9,12.24,-50.51
-47.9,12.24,-50.51
-47.9,12.24,-50.51
-47.9,12.24,-50.51
-47.9,12.24,-50.51
-47.9,12.24,-50.51
-47.9,12.24,-50.51
-46.22,18.02,-51.77
-46.22,18.02,-51.77
-46.22,18.02,-51.77
-42.59,16.86,-47.41
-42.59,16.86,-47.41
-46.22,18.02,-51.77
-46.22,18.02,-51.77
-46.22,18.02,-51.77
-46.22,18.02,-51.77
-42.59,16.86,-47.41
-46.41,15.76,-50.67
-42.59,16.86,-47.41
-42.59,16.86,-47.41
-41.81,19.47,-48.19
-45.82,21.01,-53.3
-52.43,13.09,-55.52
-51.67,11.31,-53.96
-54.9,10.48,-56.94
-51.03,9.95,-52.79
-51.67,11.31,-53.96
-53.3,15.5,-57.69
-64.76,17.55,-72.45
-72.28,7.82,-74.21
-68.43,6.68,-69.59
-70.64,6.02,-71.67
-65.39,5.8,-66.17
-65.39,5.8,-66.17
-68.43,6.68,-69.59
-72.28,7.82,-74.21
-74.05,0,-74.05
-75.96,0,-75.96
-77.47,0,-77.47
-77.47,0,-77.47
-75.96,0,-75.96
-82.87,0,-82.87
-82.87,0,-82.87
-82.87,0,-82.87
-82.87,0,-82.87
-82.87,0,-82.87
-77.47,0,-77.47
-70.64,6.02,-71.67
-70.64,6.02,-71.67
-70.64,6.02,-71.67
-68.43,6.68,-69.59
-68.43,6.68,-69.59
-69.44,0,-69.44
-68.43,6.68,-69.59
-68.43,6.68,-69.59
-68.43,6.68,-69.59
-62.73,6.38,-63.61
-57.49,6.05,-58.19
-57.49,6.05,-58.19
-62.73,6.38,-63.61
-59.5,7.07,-60.5
-57.43,13.93,-61.21
-60.79,12.6,-64.12
-56.05,11.97,-58.77
-56.05,11.97,-58.77
-56.05,11.97,-58.77
-52.43,13.09,-55.52
-50.21,19.23,-56.71
-50.21,19.23,-56.71
-46.22,18.02,-51.77
-46.22,18.02,-51.77
-46.22,18.02,-51.77
-46.22,18.02,-51.77
-46.22,18.02,-51.77
-41.81,19.47,-48.19
-41.81,19.47,-48.19
-41.81,19.47,-48.19
-41.81,19.47,-48.19
-41.81,19.47,-48.19
-41.81,19.47,-48.19
-38.23,18.02,-43.78
-41.81,19.47,-48.19
-41.81,19.47,-48.19
-41.81,19.47,-48.19
-41.81,19.47,-48.19
-41.81,19.47,-48.19
-42.59,16.86,-47.41
-42.59,16.86,-47.41
-39.33,15.76,-43.59
-38.23,18.02,-43.78
-41.81,19.47,-48.19
-41.81,19.47,-48.19
-47.9,12.24,-50.51
-47.7,10.66,-49.67
-47.7,10.66,-49.67
-47.7,10.66,-49.67
-43.88,11.42,-46.12
-48.09,14.36,-51.67
-53.3,15.5,-57.69
-59.5,7.07,-60.5
-57.49,6.05,-58.19
-60.47,5.55,-61.09
-55.95,5.28,-56.47
-56.05,11.97,-58.77
-59,16.6,-64.62
-69.56,8.98,-71.8
-74.05,0,-74.05
-71.57,0,-71.57
-71.57,0,-71.57
-66.04,0,-66.04
-70.64,6.02,-71.67
-72.28,7.82,-74.21
-74.05,0,-74.05
-75.96,0,-75.96
-77.47,0,-77.47
-77.47,0,-77.47
-77.47,0,-77.47
-82.87,0,-82.87
-82.87,0,-82.87
-82.87,0,-82.87
-82.87,0,-82.87
-82.87,0,-82.87
-82.87,0,-82.87
-75.96,0,-75.96
-77.47,0,-77.47
-77.47,0,-77.47
-71.57,0,-71.57
-69.44,0,-69.44
-69.44,0,-69.44
-69.44,0,-69.44
-69.44,0,-69.44
-69.44,0,-69.44
-63.43,0,-63.43
-62.73,6.38,-63.61
-62.73,6.38,-63.61
-62.73,6.38,-63.61
-57.49,6.05,-58.19
-57.49,6.05,-58.19
-56.05,11.97,-58.77
-47.9,12.24,-50.51
-47.9,12.24,-50.51
-46.22,18.02,-51.77
-46.22,18.02,-51.77
-46.22,18.02,-51.77
-46.22,18.02,-51.77
-46.22,18.02,-51.77
-46.22,18.02,-51.77
-46.22,18.02,-51.77
-46.22,18.02,-51.77
-42.59,16.86,-47.41
-46.22,18.02,-51.77
-46.22,18.02,-51.77
-41.81,19.47,-48.19
-41.81,19.47,-48.19
-46.22,18.02,-51.77
-46.22,18.02,-51.77
-42.59,16.86,-47.41
-42.59,16.86,-47.41
-42.59,16.86,-47.41
-39.33,15.76,-43.59
-39.33,15.76,-43.59
-39.33,15.76,-43.59
-40.97,22,-49.03
-46.22,18.02,-51.77
-50.21,19.23,-56.71
-57.43,13.93,-61.21
-59.5,7.07,-60.5
-65.69,7.48,-67.01
-62.73,6.38,-63.61
-62.73,6.38,-63.61
-62.73,6.38,-63.61
-65.69,7.48,-67.01
-69.44,0,-69.44
-69.44,0,-69.44
-69.44,0,-69.44
-69.44,0,-69.44
-69.44,0,-69.44
-74.05,0,-74.05
-75.96,0,-75.96
-75.96,0,-75.96
-75.96,0,-75.96
-71.57,0,-71.57
-66.04,0,-66.04
-66.04,0,-66.04
-65.39,5.8,-66.17
-63.43,0,-63.43
-63.43,0,-63.43
-69.44,0,-69.44
-69.44,0,-69.44
-69.44,0,-69.44
-71.57,0,-71.57
-71.57,0,-71.57
-71.57,0,-71.57
-69.44,0,-69.44
-69.44,0,-69.44
-69.44,0,-69.44
-69.44,0,-69.44
-69.44,0,-69.44
-69.44,0,-69.44
-69.44,0,-69.44
-68.43,6.68,-69.59
-62.73,6.38,-63.61
-62.73,6.38,-63.61
-62.73,6.38,-63.61
-62.73,6.38,-63.61
-62.73,6.38,-63.61
-57.49,6.05,-58.19
-52.75,5.71,-53.34
-51.67,11.31,-53.96
-47.9,12.24,-50.51
-47.9,12.24,-50.51
-47.9,12.24,-50.51
-47.9,12.24,-50.51
-52.43,13.09,-55.52
-47.9,12.24,-50.51
-46.22,18.02,-51.77
-46.22,18.02,-51.77
-46.22,18.02,-51.77
-46.22,18.02,-51.77
-46.22,18.02,-51.77
-46.22,18.02,-51.77
-46.22,18.02,-51.77
-46.22,18.02,-51.77
-46.22,18.02,-51.77
-46.22,18.02,-51.77
-46.22,18.02,-51.77
-46.22,18.02,-51.77
-46.22,18.02,-51.77
-42.59,16.86,-47.41
-46.22,18.02,-51.77
-46.22,18.02,-51.77
-46.22,18.02,-51.77
-47.9,12.24,-50.51
-51.67,11.31,-53.96
-51.67,11.31,-53.96
-51.67,11.31,-53.96
-56.05,11.97,-58.77
-57.49,6.05,-58.19
-59.5,7.07,-60.5
-62.73,6.38,-63.61
-63.43,0,-63.43
-66.04,0,-66.04
-69.44,0,-69.44
-75.96,0,-75.96
-81.87,0,-81.87
-90,0,90
-90,0,90
-90,0,90
-90,0,90
-90,0,90
-90,0,90
-90,0,90
-83.66,0,-83.66
-83.66,0,-83.66
-77.47,0,-77.47
-83.66,0,-83.66
-82.87,0,-82.87
-82.87,0,-82.87
-90,0,90
-90,0,90
-90,0,90
-82.87,0,-82.87
-82.87,0,-82.87
-82.87,0,-82.87
-75.96,0,-75.96
-77.47,0,-77.47
-71.57,0,-71.57
-69.44,0,-69.44
-63.43,0,-63.43
-63.43,0,-63.43
-62.73,6.38,-63.61
-62.73,6.38,-63.61
-62.73,6.38,-63.61
-57.49,6.05,-58.19
-57.49,6.05,-58.19
-53.93,6.63,-54.74
-53.93,6.63,-54.74
-56.05,11.97,-58.77
-51.67,11.31,-53.96
-47.9,12.24,-50.51
-47.9,12.24,-50.51
-47.9,12.24,-50.51
-46.22,18.02,-51.77
-46.22,18.02,-51.77
-46.22,18.02,-51.77
-46.22,18.02,-51.77
-42.59,16.86,-47.41
-38.23,18.02,-43.78
-41.81,19.47,-48.19
-41.81,19.47,-48.19
-46.22,18.02,-51.77
-42.59,16.86,-47.41
-42.59,16.86,-47.41
-38.23,18.02,-43.78
-38.23,18.02,-43.78
-35.08,16.7,-39.98
-38.23,18.02,-43.78
-38.23,18.02,-43.78
-38.23,18.02,-43.78
-43.88,11.42,-46.12
-43.88,11.42,-46.12
-43.88,11.42,-46.12
-40.33,10.66,-42.3
-40.33,10.66,-42.3
-38.23,18.02,-43.78
-45.82,21.01,-53.3
-53.3,15.5,-57.69
-53.93,6.63,-54.74
-57.49,6.05,-58.19
-55.95,5.28,-56.47
-51.84,5.01,-52.3
-47.7,10.66,-49.67
-47.9,12.24,-50.51
-49.64,7.3,-50.58
-55.5,7.9,-56.67
-65.69,7.48,-67.01
-63.43,0,-63.43
-60.95,0,-60.95
-60.95,0,-60.95
-62.73,6.38,-63.61
-65.69,7.48,-67.01
-72.28,7.82,-74.21
-74.05,0,-74.05
-77.47,0,-77.47
-73.3,0,-73.3
-73.3,0,-73.3
-75.96,0,-75.96
-81.87,0,-81.87
-90,0,90
-90,0,90
-90,0,90
-90,0,90
-90,0,90
-90,0,90
-90,0,90
-90,0,90
-90,0,90
-90,0,90
-90,0,90
-83.66,0,-83.66
-83.66,0,-83.66
-83.66,0,-83.66
-83.66,0,-83.66
-82.87,0,-82.87
-82.87,0,-82.87
-82.87,0,-82.87
-82.87,0,-82.87
-75.96,0,-75.96
-75.96,0,-75.96
-69.44,0,-69.44
-69.44,0,-69.44
-62.73,6.38,-63.61
-62.73,6.38,-63.61
-62.73,6.38,-63.61
-62.73,6.38,-63.61
-57.49,6.05,-58.19
-57.49,6.05,-58.19
-57.49,6.05,-58.19
-51.67,11.31,-53.96
-52.43,13.09,-55.52
-52.43,13.09,-55.52
-52.43,13.09,-55.52
-52.43,13.09,-55.52
-51.67,11.31,-53.96
-47.7,10.66,-49.67
-43.88,11.42,-46.12
-38.23,18.02,-43.78
-41.81,19.47,-48.19
-43.49,13.26,-46.51
-43.88,11.42,-46.12
-43.88,11.42,-46.12
-42.59,16.86,-47.41
-42.59,16.86,-47.41
-38.23,18.02,-43.78
-38.23,18.02,-43.78
-38.23,18.02,-43.78
-38.23,18.02,-43.78
-38.23,18.02,-43.78
-38.23,18.02,-43.78
-38.23,18.02,-43.78
-38.23,18.02,-43.78
-35.08,16.7,-39.98
-38.23,18.02,-43.78
-38.23,18.02,-43.78
-39.49,12.24,-42.1
-43.88,11.42,-46.12
-43.88,11.42,-46.12
-43.12,14.85,-46.88
-40.33,10.66,-42.3
-39.49,12.24,-42.1
-43.49,13.26,-46.51
-48.09,14.36,-51.67
-52.43,13.09,-55.52
-52.75,5.71,-53.34
-52.75,5.71,-53.34
-52.75,5.71,-53.34
-53.93,6.63,-54.74
-49.64,7.3,-50.58
-55.5,7.9,-56.67
-59.5,7.07,-60.5
-57.49,6.05,-58.19
-60.47,5.55,-61.09
-60.47,5.55,-61.09
-62.73,6.38,-63.61
-65.69,7.48,-67.01
-65.69,7.48,-67.01
-69.44,0,-69.44
-71.57,0,-71.57
-71.57,0,-71.57
-65.39,5.8,-66.17
-65.39,5.8,-66.17
-68.43,6.68,-69.59
-74.05,0,-74.05
-81.87,0,-81.87
-90,0,90
-83.66,0,-83.66
-83.66,0,-83.66
-83.66,0,-83.66
-77.47,0,-77.47
-77.47,0,-77.47
-75.96,0,-75.96
-82.87,0,-82.87
-82.87,0,-82.87
-82.87,0,-82.87
-83.66,0,-83.66
-83.66,0,-83.66
-83.66,0,-83.66
-83.66,0,-83.66
-77.47,0,-77.47
-75.96,0,-75.96
-75.96,0,-75.96
-75.96,0,-75.96
-75.96,0,-75.96
-75.96,0,-75.96
-71.57,0,-71.57
-69.44,0,-69.44
-69.44,0,-69.44
-66.8,0,-66.8
-66.8,0,-66.8
-63.43,0,-63.43
-63.43,0,-63.43
-57.49,6.05,-58.19
-57.49,6.05,-58.19
-52.75,5.71,-53.34
-47.9,12.24,-50.51
-47.9,12.24,-50.51
-47.9,12.24,-50.51
-47.9,12.24,-50.51
-51.67,11.31,-53.96
-43.88,11.42,-46.12
-47.9,12.24,-50.51
-47.9,12.24,-50.51
-43.88,11.42,-46.12
-43.88,11.42,-46.12
-39.49,12.24,-42.1
-43.49,13.26,-46.51
-43.49,13.26,-46.51
-43.88,11.42,-46.12
-43.88,11.42,-46.12
-42.59,16.86,-47.41
-38.23,18.02,-43.78
-38.23,18.02,-43.78
-38.23,18.02,-43.78
-38.23,18.02,-43.78
-38.23,18.02,-43.78
-38.23,18.02,-43.78
-43.88,11.42,-46.12
-40.33,10.66,-42.3
-36.04,11.31,-38.33
-39.49,12.24,-42.1
-43.49,13.26,-46.51
-43.49,13.26,-46.51
-43.88,11.42,-46.12
-47.7,10.66,-49.67
-44.78,5.05,-45.22
-43.88,11.42,-46.12
-49.64,7.3,-50.58
-49.64,7.3,-50.58
-53.93,6.63,-54.74
-52.75,5.71,-53.34
-51.84,5.01,-52.3
-51.84,5.01,-52.3
-53.93,6.63,-54.74
-55.5,7.9,-56.67
-65.69,7.48,-67.01
-69.44,0,-69.44
-66.04,0,-66.04
-66.04,0,-66.04
-66.04,0,-66.04
-62.73,6.38,-63.61
-72.28,7.82,-74.21
-81.87,0,-81.87
-82.87,0,-82.87
-83.66,0,-83.66
-78.69,0,-78.69
-77.47,0,-77.47
-82.87,0,-82.87
-90,0,90
-90,0,90
-90,0,90
-90,0,90
-90,0,90
-90,0,90
-90,0,90
-90,0,90
-90,0,90
-90,0,90
-83.66,0,-83.66
-77.47,0,-77.47
-77.47,0,-77.47
-77.47,0,-77.47
-75.96,0,-75.96
-75.96,0,-75.96
-75.96,0,-75.96
-75.96,0,-75.96
-71.57,0,-71.57
-71.57,0,-71.57
-63.43,0,-63.43
-63.43,0,-63.43
-63.43,0,-63.43
-63.43,0,-63.43
-63.43,0,-63.43
-57.49,6.05,-58.19
-57.49,6.05,-58.19
-57.49,6.05,-58.19
-53.93,6.63,-54.74
-53.93,6.63,-54.74
-47.9,12.24,-50.51
-47.7,10.66,-49.67
-47.7,10.66,-49.67
-43.88,11.42,-46.12
-43.88,11.42,-46.12
-39.49,12.24,-42.1
-39.49,12.24,-42.1
-39.49,12.24,-42.1
-39.49,12.24,-42.1
-43.88,11.42,-46.12
-43.88,11.42,-46.12
-39.49,12.24,-42.1
-36.04,11.31,-38.33
-39.49,12.24,-42.1
-39.49,12.24,-42.1
-39.49,12.24,-42.1
-40.33,10.66,-42.3
-40.33,10.66,-42.3
-40.33,10.66,-42.3
-39.49,12.24,-42.1
-43.49,13.26,-46.51
-43.49,13.26,-46.51
-49.01,6.19,-49.68
-49.01,6.19,-49.68
-52.75,5.71,-53.34
-49.01,6.19,-49.68
-53.93,6.63,-54.74
-53.93,6.63,-54.74
-53.93,6.63,-54.74
-57.49,6.05,-58.19
-57.49,6.05,-58.19
-57.49,6.05,-58.19
-57.49,6.05,-58.19
-57.49,6.05,-58.19
-57.99,0,-57.99
-63.43,0,-63.43
-63.43,0,-63.43
-63.43,0,-63.43
-69.44,0,-69.44
-69.44,0,-69.44
-69.44,0,-69.44
-69.44,0,-69.44
-75.96,0,-75.96
-75.96,0,-75.96
-69.44,0,-69.44
-71.57,0,-71.57
-69.44,0,-69.44
-71.57,0,-71.57
-69.44,0,-69.44
-75.96,0,-75.96
-75.96,0,-75.96
-82.87,0,-82.87
-82.87,0,-82.87
-82.87,0,-82.87
-82.87,0,-82.87
-75.96,0,-75.96
-75.96,0,-75.96
-69.44,0,-69.44
-69.44,0,-69.44
-69.44,0,-69.44
-69.44,0,-69.44
-66.04,0,-66.04
-60.95,0,-60.95
-57.99,0,-57.99
-62.73,6.38,-63.61
-59.5,7.07,-60.5
-59.5,7.07,-60.5
-59.5,7.07,-60.5
-57.49,6.05,-58.19
-51.67,11.31,-53.96
-51.67,11.31,-53.96
-51.67,11.31,-53.96
-47.9,12.24,-50.51
-47.9,12.24,-50.51
-47.9,12.24,-50.51
-47.9,12.24,-50.51
-42.59,16.86,-47.41
-42.59,16.86,-47.41
-42.59,16.86,-47.41
-42.59,16.86,-47.41
-42.59,16.86,-47.41
-43.88,11.42,-46.12
-39.33,15.76,-43.59
-36.42,14.74,-40.24
-40.14,13.99,-43.51
-37.46,13.18,-40.51
-37.46,13.18,-40.51
-36.42,14.74,-40.24
-41.81,19.47,-48.19
-45,25.1,-55.55
-59,16.6,-64.62
-68.43,6.68,-69.59
-65.39,5.8,-66.17
-65.39,5.8,-66.17
-62.73,6.38,-63.61
-69.56,8.98,-71.8
-76.74,9.34,-80.66
-90,0,90
-90,0,90
-90,0,90
-83.66,0,-83.66
-90,0,90
-90,0,90
-90,0,90
-82.87,0,-82.87
-82.87,0,-82.87
-83.66,0,-83.66
-83.66,0,-83.66
-83.66,0,-83.66
-82.87,0,-82.87
-82.87,0,-82.87
-82.87,0,-82.87
-82.87,0,-82.87
-82.87,0,-82.87
-75.96,0,-75.96
-75.96,0,-75.96
-69.44,0,-69.44
-69.44,0,-69.44
-63.43,0,-63.43
-62.73,6.38,-63.61
-62.73,6.38,-63.61
-59.5,7.07,-60.5
-57.49,6.05,-58.19
-57.49,6.05,-58.19
-51.67,11.31,-53.96
-51.67,11.31,-53.96
-47.9,12.24,-50.51
-47.9,12.24,-50.51
-47.9,12.24,-50.51
-47.9,12.24,-50.51
-42.59,16.86,-47.41
-43.88,11.42,-46.12
-42.59,16.86,-47.41
-46.22,18.02,-51.77
-43.49,13.26,-46.51
-43.49,13.26,-46.51
-41.81,19.47,-48.19
-38.23,18.02,-43.78
-38.23,18.02,-43.78
-38.23,18.02,-43.78
-38.23,18.02,-43.78
-38.23,18.02,-43.78
-41.81,19.47,-48.19
-38.23,18.02,-43.78
-38.23,18.02,-43.78
-38.23,18.02,-43.78
-38.23,18.02,-43.78
-39.33,15.76,-43.59
-39.33,15.76,-43.59
-36.42,14.74,-40.24
-35.08,16.7,-39.98
-38.23,18.02,-43.78
-41.81,19.47,-48.19
-47.9,12.24,-50.51
-51.67,11.31,-53.96
-47.7,10.66,-49.67
-47.7,10.66,-49.67
-47.9,12.24,-50.51
-48.09,14.36,-51.67
-53.3,15.5,-57.69
-62.21,8.48,-63.75
-68.43,6.68,-69.59
-66.04,0,-66.04
-65.39,5.8,-66.17
-60.47,5.55,-61.09
-62.73,6.38,-63.61
-65.69,7.48,-67.01
-74.05,0,-74.05
-74.05,0,-74.05
-75.96,0,-75.96
-77.47,0,-77.47
-77.47,0,-77.47
-75.96,0,-75.96
-82.87,0,-82.87
-82.87,0,-82.87
-82.87,0,-82.87
-82.87,0,-82.87
-77.47,0,-77.47
-77.47,0,-77.47
-77.47,0,-77.47
-69.44,0,-69.44
-69.44,0,-69.44
-74.05,0,-74.05
-74.05,0,-74.05
-69.44,0,-69.44
-69.44,0,-69.44
-62.73,6.38,-63.61
-62.73,6.38,-63.61
-62.73,6.38,-63.61
-53.93,6.63,-54.74
-53.93,6.63,-54.74
-52.43,13.09,-55.52
-56.05,11.97,-58.77
-51.67,11.31,-53.96
-51.67,11.31,-53.96
-51.67,11.31,-53.96
-47.9,12.24,-50.51
-47.9,12.24,-50.51
-47.9,12.24,-50.51
-47.9,12.24,-50.51
-43.88,11.42,-46.12
-43.88,11.42,-46.12
-43.88,11.42,-46.12
-43.88,11.42,-46.12
-39.49,12.24,-42.1
-39.49,12.24,-42.1
-43.88,11.42,-46.12
-43.88,11.42,-46.12
-43.88,11.42,-46.12
-47.7,10.66,-49.67
-44.13,10.02,-45.87
-40.33,10.66,-42.3
-43.88,11.42,-46.12
-41.81,19.47,-48.19
-45.82,21.01,-53.3
-52.43,13.09,-55.52
-52.75,5.71,-53.34
-55.95,5.28,-56.47
-57.49,6.05,-58.19
-57.43,13.93,-61.21
-59,16.6,-64.62
-65.69,7.48,-67.01
-75.96,0,-75.96
-69.44,0,-69.44
-71.57,0,-71.57
-70.64,6.02,-71.67
-68.43,6.68,-69.59
-74.05,0,-74.05
-74.05,0,-74.05
-75.96,0,-75.96
-75.96,0,-75.96
-77.47,0,-77.47
-75.96,0,-75.96
-75.96,0,-75.96
-82.87,0,-82.87
-75.96,0,-75.96
-77.47,0,-77.47
-70.64,6.02,-71.67
-68.43,6.68,-69.59
-68.43,6.68,-69.59
-68.43,6.68,-69.59
-69.44,0,-69.44
-69.44,0,-69.44
-62.73,6.38,-63.61
-62.73,6.38,-63.61
-57.49,6.05,-58.19
-57.49,6.05,-58.19
-57.49,6.05,-58.19
-62.73,6.38,-63.61
-59.5,7.07,-60.5
-52.43,13.09,-55.52
-52.43,13.09,-55.52
-51.67,11.31,-53.96
-51.67,11.31,-53.96
-47.9,12.24,-50.51
-47.9,12.24,-50.51
-46.22,18.02,-51.77
-47.9,12.24,-50.51
-46.22,18.02,-51.77
-46.22,18.02,-51.77
-46.22,18.02,-51.77
-46.22,18.02,-51.77
-46.22,18.02,-51.77
-46.22,18.02,-51.77
-42.59,16.86,-47.41
-42.59,16.86,-47.41
-42.59,16.86,-47.41
-38.23,18.02,-43.78
-41.81,19.47,-48.19
-41.81,19.47,-48.19
-46.22,18.02,-51.77
-47.9,12.24,-50.51
-43.88,11.42,-46.12
-42.59,16.86,-47.41
-39.33,15.76,-43.59
-40.33,10.66,-42.3
-39.33,15.76,-43.59
-38.23,18.02,-43.78
-41.81,19.47,-48.19
-52.43,13.09,-55.52
-51.67,11.31,-53.96
-51.67,11.31,-53.96
-51.03,9.95,-52.79
-47.5,9.43,-49.05
-47.7,10.66,-49.67
-41.81,19.47,-48.19
-48.19,17.35,-53.4
-62.21,8.48,-63.75
-69.44,0,-69.44
-75.96,0,-75.96
-76.05,6.19,-77.55
-74.38,6.91,-76.07
-78.58,8.05,-81.95
-81.87,0,-81.87
-82.87,0,-82.87
-77.47,0,-77.47
-71.57,0,-71.57
-71.57,0,-71.57
-68.43,6.68,-69.59
-74.38,6.91,-76.07
-75.96,0,-75.96
-77.47,0,-77.47
-71.57,0,-71.57
-70.64,6.02,-71.67
-70.64,6.02,-71.67
-68.43,6.68,-69.59
-74.38,6.91,-76.07
-75.96,0,-75.96
-75.96,0,-75.96
-75.96,0,-75.96
-77.47,0,-77.47
-75.96,0,-75.96
-75.96,0,-75.96
-75.96,0,-75.96
-75.96,0,-75.96
-75.96,0,-75.96
-75.96,0,-75.96
-68.43,6.68,-69.59
-62.73,6.38,-63.61
-62.73,6.38,-63.61
-62.73,6.38,-63.61
-62.73,6.38,-63.61
-57.49,6.05,-58.19
-57.49,6.05,-58.19
-53.93,6.63,-54.74
-57.49,6.05,-58.19
-51.67,11.31,-53.96
-51.67,11.31,-53.96
-52.43,13.09,-55.52
-52.43,13.09,-55.52
-52.43,13.09,-55.52
-52.43,13.09,-55.52
-52.43,13.09,-55.52
-47.9,12.24,-50.51
-43.88,11.42,-46.12
-43.88,11.42,-46.12
-42.59,16.86,-47.41
-42.59,16.86,-47.41
-42.59,16.86,-47.41
-38.23,18.02,-43.78
-38.23,18.02,-43.78
-38.23,18.02,-43.78
-38.23,18.02,-43.78
-38.23,18.02,-43.78
-38.23,18.02,-43.78
-35.08,16.7,-39.98
-38.23,18.02,-43.78
-38.23,18.02,-43.78
-39.49,12.24,-42.1
-39.49,12.24,-42.1
-39.49,12.24,-42.1
-43.49,13.26,-46.51
-43.88,11.42,-46.12
-43.88,11.42,-46.12
-40.33,10.66,-42.3
-39.33,15.76,-43.59
-38.23,18.02,-43.78
-43.49,13.26,-46.51
-43.49,13.26,-46.51
-47.9,12.24,-50.51
-47.7,10.66,-49.67
-44.13,10.02,-45.87
-44.13,10.02,-45.87
-48.09,14.36,-51.67
-54.2,18.93,-60.88
-62.21,8.48,-63.75
-62.73,6.38,-63.61
-60.47,5.55,-61.09
-60.47,5.55,-61.09
-57.49,6.05,-58.19
-59,16.6,-64.62
-69.56,8.98,-71.8
-74.05,0,-74.05
-75.96,0,-75.96
-74.38,6.91,-76.07
-74.38,6.91,-76.07
-75.96,0,-75.96
-75.96,0,-75.96
-74.38,6.91,-76.07
-68.43,6.68,-69.59
-68.43,6.68,-69.59
-68.43,6.68,-69.59
-68.43,6.68,-69.59
-68.43,6.68,-69.59
-68.43,6.68,-69.59
-68.43,6.68,-69.59
-68.43,6.68,-69.59
-65.69,7.48,-67.01
-65.69,7.48,-67.01
-65.69,7.48,-67.01
-59.5,7.07,-60.5
-57.49,6.05,-58.19
-52.75,5.71,-53.34
-52.75,5.71,-53.34
-47.9,12.24,-50.51
-47.9,12.24,-50.51
-47.9,12.24,-50.51
-43.88,11.42,-46.12
-43.88,11.42,-46.12
-43.88,11.42,-46.12
-43.88,11.42,-46.12
-43.88,11.42,-46.12
-39.49,12.24,-42.1
-39.49,12.24,-42.1
-38.23,18.02,-43.78
-38.23,18.02,-43.78
-38.23,18.02,-43.78
-42.59,16.86,-47.41
-42.59,16.86,-47.41
-42.59,16.86,-47.41
-39.49,12.24,-42.1
-43.49,13.26,-46.51
-43.49,13.26,-46.51
-47.9,12.24,-50.51
-43.88,11.42,-46.12
-39.33,15.76,-43.59
-39.33,15.76,-43.59
-38.23,18.02,-43.78
-41.81,19.47,-48.19
-48.09,14.36,-51.67
-47.9,12.24,-50.51
-51.67,11.31,-53.96
-47.7,10.66,-49.67
-47.9,12.24,-50.51
-48.09,14.36,-51.67
-53.3,15.5,-57.69
-59.5,7.07,-60.5
-57.49,6.05,-58.19
-57.49,6.05,-58.19
-57.49,6.05,-58.19
-57.49,6.05,-58.19
-57.43,13.93,-61.21
-59.5,7.07,-60.5
-59.5,7.07,-60.5
-62.73,6.38,-63.61
-60.47,5.55,-61.09
-60.47,5.55,-61.09
-57.49,6.05,-58.19
-59.5,7.07,-60.5
-72.28,7.82,-74.21
-72.28,7.82,-74.21
-75.96,0,-75.96
-74.38,6.91,-76.07
-76.05,6.19,-77.55
-74.38,6.91,-76.07
-74.38,6.91,-76.07
-74.38,6.91,-76.07
-74.38,6.91,-76.07
-68.43,6.68,-69.59
-68.43,6.68,-69.59
-68.43,6.68,-69.59
-65.69,7.48,-67.01
-65.69,7.48,-67.01
-62.73,6.38,-63.61
-62.73,6.38,-63.61
-53.93,6.63,-54.74
-52.43,13.09,-55.52
-52.43,13.09,-55.52
-52.43,13.09,-55.52
-47.9,12.24,-50.51
-47.9,12.24,-50.51
-47.9,12.24,-50.51
-43.88,11.42,-46.12
-42.59,16.86,-47.41
-42.59,16.86,-47.41
-42.59,16.86,-47.41
-38.23,18.02,-43.78
-38.23,18.02,-43.78
-42.59,16.86,-47.41
-38.23,18.02,-43.78
-38.23,18.02,-43.78
-38.23,18.02,-43.78
-38.23,18.02,-43.78
-38.23,18.02,-43.78
-38.23,18.02,-43.78
-38.23,18.02,-43.78
-38.23,18.02,-43.78
-38.23,18.02,-43.78
-38.23,18.02,-43.78
-38.23,18.02,-43.78
-38.23,18.02,-43.78
-35.08,16.7,-39.98
-38.23,18.02,-43.78
-38.23,18.02,-43.78
-38.23,18.02,-43.78
-38.23,18.02,-43.78
-42.59,16.86,-47.41
-42.59,16.86,-47.41
-42.59,16.86,-47.41
-39.49,12.24,-42.1
-43.49,13.26,-46.51
-47.9,12.24,-50.51
-43.88,11.42,-46.12
-47.9,12.24,-50.51
-47.9,12.24,-50.51
-47.9,12.24,-50.51
-47.9,12.24,-50.51
-51.67,11.31,-53.96
-47.9,12.24,-50.51
-52.43,13.09,-55.52
-57.43,13.93,-61.21
-59.5,7.07,-60.5
-62.73,6.38,-63.61
-62.73,6.38,-63.61
-60.47,5.55,-61.09
-60.47,5.55,-61.09
-57.49,6.05,-58.19
-59.5,7.07,-60.5
-65.69,7.48,-67.01
-68.43,6.68,-69.59
-69.44,0,-69.44
-69.44,0,-69.44
-68.43,6.68,-69.59
-74.05,0,-74.05
-74.05,0,-74.05
-75.96,0,-75.96
-75.96,0,-75.96
-71.57,0,-71.57
-71.57,0,-71.57
-70.64,6.02,-71.67
-68.43,6.68,-69.59
-68.43,6.68,-69.59
-68.43,6.68,-69.59
-68.43,6.68,-69.59
-68.43,6.68,-69.59
-62.73,6.38,-63.61
-62.73,6.38,-63.61
-63.43,0,-63.43
-66.8,0,-66.8
-65.69,7.48,-67.01
-59.5,7.07,-60.5
-53.93,6.63,-54.74
-57.49,6.05,-58.19
-51.67,11.31,-53.96
-47.9,12.24,-50.51
-47.9,12.24,-50.51
-46.22,18.02,-51.77
-42.59,16.86,-47.41
-42.59,16.86,-47.41
-42.59,16.86,-47.41
-42.59,16.86,-47.41
-38.23,18.02,-43.78
-38.23,18.02,-43.78
-38.23,18.02,-43.78
-38.23,18.02,-43.78
-38.23,18.02,-43.78
-38.23,18.02,-43.78
-38.23,18.02,-43.78
-38.23,18.02,-43.78
-42.59,16.86,-47.41
-43.88,11.42,-46.12
-43.88,11.42,-46.12
-43.88,11.42,-46.12
-43.88,11.42,-46.12
-43.88,11.42,-46.12
-43.49,13.26,-46.51
-47.9,12.24,-50.51
-47.9,12.24,-50.51
-51.67,11.31,-53.96
-51.67,11.31,-53.96
-51.67,11.31,-53.96
-52.43,13.09,-55.52
-53.3,15.5,-57.69
-57.43,13.93,-61.21
-59.5,7.07,-60.5
-62.73,6.38,-63.61
-60.47,5.55,-61.09
-60.47,5.55,-61.09
-60.79,12.6,-64.12
-65.69,7.48,-67.01
-74.05,0,-74.05
-74.05,0,-74.05
-75.96,0,-75.96
-75.96,0,-75.96
-71.57,0,-71.57
-68.43,6.68,-69.59
-68.43,6.68,-69.59
-68.43,6.68,-69.59
-68.43,6.68,-69.59
-71.57,0,-71.57
-71.57,0,-71.57
-69.44,0,-69.44
-69.44,0,-69.44
-69.44,0,-69.44
-69.44,0,-69.44
-69.44,0,-69.44
-68.43,6.68,-69.59
-68.43,6.68,-69.59
-68.43,6.68,-69.59
-68.43,6.68,-69.59
-62.73,6.38,-63.61
-62.73,6.38,-63.61
-62.73,6.38,-63.61
-62.73,6.38,-63.61
-62.73,6.38,-63.61
-62.73,6.38,-63.61
-62.73,6.38,-63.61
-53.93,6.63,-54.74
-52.43,13.09,-55.52
-47.9,12.24,-50.51
-47.9,12.24,-50.51
-46.22,18.02,-51.77
-46.22,18.02,-51.77
-47.9,12.24,-50.51
-47.9,12.24,-50.51
-46.22,18.02,-51.77
-42.59,16.86,-47.41
-42.59,16.86,-47.41
-38.23,18.02,-43.78
-38.23,18.02,-43.78
-41.81,19.47,-48.19
-41.81,19.47,-48.19
-46.22,18.02,-51.77
-46.22,18.02,-51.77
-46.22,18.02,-51.77
-46.22,18.02,-51.77
-41.81,19.47,-48.19
-41.81,19.47,-48.19
-41.81,19.47,-48.19
-46.22,18.02,-51.77
-46.22,18.02,-51.77
-46.22,18.02,-51.77
-42.59,16.86,-47.41
-42.59,16.86,-47.41
-42.59,16.86,-47.41
-42.59,16.86,-47.41
-47.9,12.24,-50.51
-47.9,12.24,-50.51
-47.9,12.24,-50.51
-51.67,11.31,-53.96
-51.67,11.31,-53.96
-56.05,11.97,-58.77
-53.93,6.63,-54.74
-65.69,7.48,-67.01
-65.69,7.48,-67.01
-68.43,6.68,-69.59
-70.64,6.02,-71.67
-65.39,5.8,-66.17
-68.43,6.68,-69.59
-65.69,7.48,-67.01
-72.28,7.82,-74.21
-74.05,0,-74.05
-75.96,0,-75.96
-75.96,0,-75.96
-75.96,0,-75.96
-75.96,0,-75.96
-75.96,0,-75.96
-68.43,6.68,-69.59
-68.43,6.68,-69.59
-62.73,6.38,-63.61
-62.73,6.38,-63.61
-63.43,0,-63.43
-60.26,0,-60.26
-60.26,0,-60.26
-60.26,0,-60.26
-53.93,6.63,-54.74
-51.67,11.31,-53.96
-47.7,10.66,-49.67
-47.7,10.66,-49.67
-47.9,12.24,-50.51
-47.9,12.24,-50.51
-46.22,18.02,-51.77
-42.59,16.86,-47.41
-40.97,22,-49.03
-40.97,22,-49.03
-40.97,22,-49.03
-39.76,25.24,-50.24
-41.81,19.47,-48.19
-39.76,25.24,-50.24
-39.76,25.24,-50.24
-41.81,19.47,-48.19
-38.23,18.02,-43.78
-41.81,19.47,-48.19
-41.81,19.47,-48.19
-41.81,19.47,-48.19
-41.81,19.47,-48.19
-46.22,18.02,-51.77
-46.22,18.02,-51.77
-50.21,19.23,-56.71
-50.21,19.23,-56.71
-50.21,19.23,-56.71
-46.22,18.02,-51.77
-46.22,18.02,-51.77
-46.22,18.02,-51.77
-46.22,18.02,-51.77
-46.22,18.02,-51.77
-46.22,18.02,-51.77
-46.22,18.02,-51.77
-46.22,18.02,-51.77
-42.59,16.86,-47.41
-42.59,16.86,-47.41
-42.59,16.86,-47.41
-42.59,16.86,-47.41
-46.22,18.02,-51.77
-52.43,13.09,-55.52
-57.43,13.93,-61.21
-60.79,12.6,-64.12
-57.49,6.05,-58.19
-60.47,5.55,-61.09
-56.05,11.97,-58.77
-62.75,14.71,-67.6
-76.74,9.34,-80.66
-78.58,8.05,-81.95
-82.87,0,-82.87
-77.47,0,-77.47
-76.05,6.19,-77.55
-76.05,6.19,-77.55
-68.43,6.68,-69.59
-68.43,6.68,-69.59
-68.43,6.68,-69.59
-68.43,6.68,-69.59
-68.43,6.68,-69.59
-76.05,6.19,-77.55
-76.05,6.19,-77.55
-74.38,6.91,-76.07
-74.38,6.91,-76.07
-76.05,6.19,-77.55
-76.05,6.19,-77.55
-77.47,0,-77.47
-77.47,0,-77.47
-77.47,0,-77.47
-77.47,0,-77.47
-83.66,0,-83.66
-83.66,0,-83.66
-83.66,0,-83.66
-83.66,0,-83.66
-79.98,7.07,-82.93
-82.87,0,-82.87
-79.98,7.07,-82.93
-82.87,7.13,90
-81.87,8.13,90
-79.98,7.07,-82.93
-79.98,7.07,-82.93
-68.43,6.68,-69.59
-62.73,6.38,-63.61
-60.79,12.6,-64.12
-52.43,13.09,-55.52
-52.43,13.09,-55.52
-47.9,12.24,-50.51
-47.9,12.24,-50.51
-43.88,11.42,-46.12
-43.88,11.42,-46.12
-42.59,16.86,-47.41
-42.59,16.86,-47.41
-38.23,18.02,-43.78
-41.81,19.47,-48.19
-46.22,18.02,-51.77
-46.22,18.02,-51.77
-42.59,16.86,-47.41
-42.59,16.86,-47.41
-38.23,18.02,-43.78
-36.66,23.45,-45.85
-38.23,18.02,-43.78
-38.23,18.02,-43.78
-38.23,18.02,-43.78
-38.23,18.02,-43.78
-42.59,16.86,-47.41
-39.33,15.76,-43.59
-42.59,16.86,-47.41
-38.23,18.02,-43.78
-46.22,18.02,-51.77
-46.22,18.02,-51.77
-47.9,12.24,-50.51
-51.67,11.31,-53.96
-51.67,11.31,-53.96
-50.02,16.7,-54.92
-50.02,16.7,-54.92
-56.05,11.97,-58.77
-57.43,13.93,-61.21
-57.43,13.93,-61.21
-65.74,13.17,-70.01
-65.39,5.8,-66.17
-65.39,5.8,-66.17
-65.39,5.8,-66.17
-62.75,14.71,-67.6
-64.76,17.55,-72.45
-78.58,8.05,-81.95
-82.87,0,-82.87
-77.47,0,-77.47
-77.4,5.6,-78.74
-76.05,6.19,-77.55
-74.38,6.91,-76.07
-81.87,8.13,90
-90,0,90
-90,0,90
-90,0,90
-90,0,90
-90,0,90
-90,0,90
-82.87,7.13,90
-90,0,90
-90,0,90
-90,0,90
-90,0,90
-83.66,6.34,90
-81.07,6.3,-83.7
-79.98,7.07,-82.93
-74.38,6.91,-76.07
-72.28,7.82,-74.21
-72.28,7.82,-74.21
-74.38,6.91,-76.07
-62.73,6.38,-63.61
-56.05,11.97,-58.77
-56.05,11.97,-58.77
-52.43,13.09,-55.52
-50.21,19.23,-56.71
-42.59,16.86,-47.41
-39.33,15.76,-43.59
-39.33,15.76,-43.59
-38.05,20.62,-45.22
-38.23,18.02,-43.78
-38.23,18.02,-43.78
-38.23,18.02,-43.78
-38.23,18.02,-43.78
-38.23,18.02,-43.78
-38.23,18.02,-43.78
-35.08,16.7,-39.98
-35.08,16.7,-39.98
-35.08,16.7,-39.98
-35.08,16.7,-39.98
-38.23,18.02,-43.78
-38.23,18.02,-43.78
-42.59,16.86,-47.41
-40.97,22,-49.03
-44.15,23.45,-53.34
-44.15,23.45,-53.34
-46.22,18.02,-51.77
-52.43,13.09,-55.52
-57.43,13.93,-61.21
-54.46,20.41,-62.29
-57.99,18.54,-64.91
-60.95,16.94,-67.14
-57.06,16.25,-62.21
-54.46,20.41,-62.29
-58.78,21.5,-68.5
-68,15.36,-74.64
-65.74,13.17,-70.01
-70.64,6.02,-71.67
-68.43,6.68,-69.59
-65.74,13.17,-70.01
-70.53,13.63,-76.37
-74.38,6.91,-76.07
-79.98,7.07,-82.93
-79.98,7.07,-82.93
-81.07,6.3,-83.7
-79.98,7.07,-82.93
-81.07,6.3,-83.7
-81.07,6.3,-83.7
-81.07,6.3,-83.7
-79.98,7.07,-82.93
-82.87,7.13,90
-82.87,7.13,90
-82.87,7.13,90
-82.87,7.13,90
-82.87,7.13,90
-82.87,7.13,90
-83.66,6.34,90
-81.07,6.3,-83.7
-79.98,7.07,-82.93
-79.98,7.07,-82.93
-79.98,7.07,-82.93
-74.38,6.91,-76.07
-68.43,6.68,-69.59
-65.74,13.17,-70.01
-65.74,13.17,-70.01
-65.74,13.17,-70.01
-62.75,14.71,-67.6
-62.75,14.71,-67.6
-60.79,12.6,-64.12
-56.05,11.97,-58.77
-56.05,11.97,-58.77
-51.67,11.31,-53.96
-47.9,12.24,-50.51
-52.43,13.09,-55.52
-46.22,18.02,-51.77
-46.22,18.02,-51.77
-42.59,16.86,-47.41
-42.59,16.86,-47.41
-40.97,22,-49.03
-39.76,25.24,-50.24
-39.76,25.24,-50.24
-39.76,25.24,-50.24
-36.66,23.45,-45.85
-36.66,23.45,-45.85
-36.66,23.45,-45.85
-39.76,25.24,-50.24
-39.76,25.24,-50.24
-39.76,25.24,-50.24
-39.76,25.24,-50.24
-36.66,23.45,-45.85
-36.66,23.45,-45.85
-36.66,23.45,-45.85
-39.76,25.24,-50.24
-39.76,25.24,-50.24
-39.76,25.24,-50.24
-46.22,18.02,-51.77
-42.59,16.86,-47.41
-39.33,15.76,-43.59
-39.33,15.76,-43.59
-38.23,18.02,-43.78
-40.61,22.99,-49.39
-45,25.1,-55.55
-50.21,19.23,-56.71
-51.67,11.31,-53.96
-51.03,9.95,-52.79
-49.76,14.74,-53.58
-46.22,18.02,-51.77
-49.68,27.23,-62.77
-60.5,20.37,-69.63
-65.69,7.48,-67.01
-65.39,5.8,-66.17
-59.11,10.99,-61.53
-59.11,10.99,-61.53
-56.05,11.97,-58.77
-62.75,14.71,-67.6
-64.76,17.55,-72.45
-72.28,7.82,-74.21
-74.38,6.91,-76.07
-70.64,6.02,-71.67
-70.64,6.02,-71.67
-70.64,6.02,-71.67
-68.43,6.68,-69.59
-72.28,7.82,-74.21
-78.58,8.05,-81.95
-82.87,0,-82.87
-82.87,0,-82.87
-83.66,0,-83.66
-81.07,6.3,-83.7
-79.98,7.07,-82.93
-79.98,7.07,-82.93
-79.98,7.07,-82.93
-79.98,7.07,-82.93
-74.38,6.91,-76.07
-70.64,6.02,-71.67
-70.64,6.02,-71.67
-68.43,6.68,-69.59
-62.73,6.38,-63.61
-68.43,6.68,-69.59
-65.69,7.48,-67.01
-62.73,6.38,-63.61
-57.49,6.05,-58.19
-57.49,6.05,-58.19
-56.05,11.97,-58.77
-52.43,13.09,-55.52
-52.43,13.09,-55.52
-52.43,13.09,-55.52
-52.43,13.09,-55.52
-47.9,12.24,-50.51
-51.67,11.31,-53.96
-47.9,12.24,-50.51
-46.22,18.02,-51.77
-46.22,18.02,-51.77
-47.9,12.24,-50.51
-47.9,12.24,-50.51
-46.22,18.02,-51.77
-42.59,16.86,-47.41
-46.22,18.02,-51.77
-42.59,16.86,-47.41
-42.59,16.86,-47.41
-41.81,19.47,-48.19
-38.23,18.02,-43.78
-42.59,16.86,-47.41
-38.23,18.02,-43.78
-38.23,18.02,-43.78
-38.23,18.02,-43.78
-41.81,19.47,-48.19
-41.81,19.47,-48.19
-41.81,19.47,-48.19
-46.22,18.02,-51.77
-42.59,16.86,-47.41
-36.66,23.45,-45.85
-38.23,18.02,-43.78
-41.81,19.47,-48.19
-41.81,19.47,-48.19
-41.81,19.47,-48.19
-42.59,16.86,-47.41
-42.59,16.86,-47.41
-42.59,16.86,-47.41
-42.59,16.86,-47.41
-41.81,19.47,-48.19
-43.49,13.26,-46.51
-47.9,12.24,-50.51
-51.67,11.31,-53.96
-47.7,10.66,-49.67
-47.7,10.66,-49.67
-47.9,12.24,-50.51
-53.3,15.5,-57.69
-57.43,13.93,-61.21
-62.73,6.38,-63.61
-57.49,6.05,-58.19
-59.11,10.99,-61.53
-59.11,10.99,-61.53
-52.43,13.09,-55.52
-59,16.6,-64.62
-72.28,7.82,-74.21
-68.43,6.68,-69.59
-70.64,6.02,-71.67
-70.64,6.02,-71.67
-68.43,6.68,-69.59
-68.43,6.68,-69.59
-74.38,6.91,-76.07
-74.38,6.91,-76.07
-74.38,6.91,-76.07
-74.38,6.91,-76.07
-70.64,6.02,-71.67
-76.05,6.19,-77.55
-74.38,6.91,-76.07
-74.38,6.91,-76.07
-74.38,6.91,-76.07
-74.38,6.91,-76.07
-74.38,6.91,-76.07
-68.43,6.68,-69.59
-68.43,6.68,-69.59
-68.43,6.68,-69.59
-68.43,6.68,-69.59
-68.43,6.68,-69.59
-68.43,6.68,-69.59
-68.43,6.68,-69.59
-68.43,6.68,-69.59
-62.73,6.38,-63.61
-62.73,6.38,-63.61
-60.79,12.6,-64.12
-57.43,13.93,-61.21
-57.43,13.93,-61.21
-52.43,13.09,-55.52
-52.43,13.09,-55.52
-51.67,11.31,-53.96
-47.9,12.24,-50.51
-46.22,18.02,-51.77
-46.22,18.02,-51.77
-47.9,12.24,-50.51
-46.22,18.02,-51.77
-46.22,18.02,-51.77
-46.22,18.02,-51.77
-46.22,18.02,-51.77
-38.23,18.02,-43.78
-38.23,18.02,-43.78
-38.23,18.02,-43.78
-38.23,18.02,-43.78
-36.66,23.45,-45.85
-36.66,23.45,-45.85
-36.66,23.45,-45.85
-36.66,23.45,-45.85
-36.66,23.45,-45.85
-36.66,23.45,-45.85
-36.66,23.45,-45.85
-36.66,23.45,-45.85
-36.66,23.45,-45.85
-38.23,18.02,-43.78
-35.08,16.7,-39.98
-38.23,18.02,-43.78
-38.23,18.02,-43.78
-41.81,19.47,-48.19
-41.81,19.47,-48.19
-46.22,18.02,-51.77
-46.22,18.02,-51.77
-42.59,16.86,-47.41
-42.59,16.86,-47.41
-46.22,18.02,-51.77
-48.09,14.36,-51.67
-48.09,14.36,-51.67
-52.43,13.09,-55.52
-56.05,11.97,-58.77
-51.67,11.31,-53.96
-51.67,11.31,-53.96
-51.67,11.31,-53.96
-52.43,13.09,-55.52
-62.21,8.48,-63.75
-65.69,7.48,-67.01
-62.73,6.38,-63.61
-65.39,5.8,-66.17
-65.39,5.8,-66.17
-63.58,11.48,-66.55
-60.79,12.6,-64.12
-65.69,7.48,-67.01
-72.28,7.82,-74.21
-72.28,7.82,-74.21
-75.96,0,-75.96
-76.05,6.19,-77.55
-76.05,6.19,-77.55
-74.38,6.91,-76.07
-79.98,7.07,-82.93
-82.87,0,-82.87
-75.96,0,-75.96
-74.38,6.91,-76.07
-70.64,6.02,-71.67
-70.64,6.02,-71.67
-68.43,6.68,-69.59
-68.43,6.68,-69.59
-68.43,6.68,-69.59
-74.38,6.91,-76.07
-72.28,7.82,-74.21
-68.43,6.68,-69.59
-68.43,6.68,-69.59
-62.73,6.38,-63.61
-60.79,12.6,-64.12
-60.79,12.6,-64.12
-57.43,13.93,-61.21
-57.43,13.93,-61.21
-52.43,13.09,-55.52
-52.43,13.09,-55.52
-56.05,11.97,-58.77
-52.43,13.09,-55.52
-47.9,12.24,-50.51
-46.22,18.02,-51.77
-46.22,18.02,-51.77
-42.59,16.86,-47.41
-42.59,16.86,-47.41
-42.59,16.86,-47.41
-42.59,16.86,-47.41
-38.23,18.02,-43.78
-38.23,18.02,-43.78
-38.23,18.02,-43.78
-35.08,16.7,-39.98
-35.08,16.7,-39.98
-35.08,16.7,-39.98
-35.08,16.7,-39.98
-38.23,18.02,-43.78
-38.23,18.02,-43.78
-38.23,18.02,-43.78
-42.59,16.86,-47.41
-46.41,15.76,-50.67
-42.59,16.86,-47.41
-43.88,11.42,-46.12
-42.59,16.86,-47.41
-41.81,19.47,-48.19
-48.09,14.36,-51.67
-52.43,13.09,-55.52
-56.05,11.97,-58.77
-51.67,11.31,-53.96
-51.67,11.31,-53.96
-51.67,11.31,-53.96
-52.43,13.09,-55.52
-57.43,13.93,-61.21
-59.5,7.07,-60.5
-62.73,6.38,-63.61
-65.39,5.8,-66.17
-65.39,5.8,-66.17
-68.43,6.68,-69.59
-65.69,7.48,-67.01
-72.28,7.82,-74.21
-72.28,7.82,-74.21
-75.96,0,-75.96
-77.47,0,-77.47
-77.47,0,-77.47
-75.96,0,-75.96
-75.96,0,-75.96
-74.05,0,-74.05
-74.05,0,-74.05
-75.96,0,-75.96
-77.47,0,-77.47
-71.57,0,-71.57
-74.38,6.91,-76.07
-74.38,6.91,-76.07
-72.28,7.82,-74.21
-74.38,6.91,-76.07
-68.43,6.68,-69.59
-62.73,6.38,-63.61
-65.39,5.8,-66.17
-62.73,6.38,-63.61
-62.73,6.38,-63.61
-59.5,7.07,-60.5
-59.5,7.07,-60.5
-53.93,6.63,-54.74
-53.93,6.63,-54.74
-52.75,5.71,-53.34
-51.67,11.31,-53.96
-47.9,12.24,-50.51
-47.9,12.24,-50.51
-43.49,13.26,-46.51
-43.49,13.26,-46.51
-47.9,12.24,-50.51
-43.88,11.42,-46.12
-42.59,16.86,-47.41
-42.59,16.86,-47.41
-39.33,15.76,-43.59
-35.08,16.7,-39.98
-35.08,16.7,-39.98
-38.23,18.02,-43.78
-38.23,18.02,-43.78
-39.49,12.24,-42.1
-39.49,12.24,-42.1
-39.49,12.24,-42.1
-39.49,12.24,-42.1
-39.49,12.24,-42.1
-39.49,12.24,-42.1
-39.49,12.24,-42.1
-39.49,12.24,-42.1
-43.88,11.42,-46.12
-44.13,10.02,-45.87
-44.13,10.02,-45.87
-40.33,10.66,-42.3
-39.49,12.24,-42.1
-43.49,13.26,-46.51
-48.09,14.36,-51.67
-47.9,12.24,-50.51
-47.9,12.24,-50.51
-51.67,11.31,-53.96
-51.67,11.31,-53.96
-52.43,13.09,-55.52
-52.43,13.09,-55.52
-59.5,7.07,-60.5
-59.5,7.07,-60.5
-62.73,6.38,-63.61
-57.49,6.05,-58.19
-60.47,5.55,-61.09
-57.43,13.93,-61.21
-65.69,7.48,-67.01
-65.69,7.48,-67.01
-68.43,6.68,-69.59
-68.43,6.68,-69.59
-74.38,6.91,-76.07
-74.38,6.91,-76.07
-74.38,6.91,-76.07
-68.43,6.68,-69.59
-74.38,6.91,-76.07
-74.38,6.91,-76.07
-74.38,6.91,-76.07
-68.43,6.68,-69.59
-70.64,6.02,-71.67
-65.39,5.8,-66.17
-62.73,6.38,-63.61
-62.73,6.38,-63.61
-65.69,7.48,-67.01
-65.69,7.48,-67.01
-65.69,7.48,-67.01
-59.5,7.07,-60.5
-62.73,6.38,-63.61
-57.49,6.05,-58.19
-57.49,6.05,-58.19
-52.43,13.09,-55.52
-52.43,13.09,-55.52
-48.09,14.36,-51.67
-47.9,12.24,-50.51
-47.9,12.24,-50.51
-47.7,10.66,-49.67
-42.59,16.86,-47.41
-41.81,19.47,-48.19
-41.81,19.47,-48.19
-38.23,18.02,-43.78
-42.59,16.86,-47.41
-42.59,16.86,-47.41
-39.33,15.76,-43.59
-39.33,15.76,-43.59
-38.23,18.02,-43.78
-38.23,18.02,-43.78
-38.23,18.02,-43.78
-38.23,18.02,-43.78
-42.59,16.86,-47.41
-42.59,16.86,-47.41
-42.59,16.86,-47.41
-41.81,19.47,-48.19
-41.81,19.47,-48.19
-41.81,19.47,-48.19
-47.9,12.24,-50.51
-47.9,12.24,-50.51
-47.9,12.24,-50.51
-47.9,12.24,-50.51
-46.22,18.02,-51.77
-50.21,19.23,-56.71
-52.43,13.09,-55.52
-47.9,12.24,-50.51
-47.9,12.24,-50.51
-51.67,11.31,-53.96
-51.67,11.31,-53.96
-51.67,11.31,-53.96
-46.22,18.02,-51.77
-48.09,14.36,-51.67
-57.43,13.93,-61.21
-59.5,7.07,-60.5
-62.73,6.38,-63.61
-60.79,12.6,-64.12
-59.11,10.99,-61.53
-56.05,11.97,-58.77
-62.75,14.71,-67.6
-65.69,7.48,-67.01
-68.43,6.68,-69.59
-68.43,6.68,-69.59
-70.64,6.02,-71.67
-65.39,5.8,-66.17
-68.43,6.68,-69.59
-68.43,6.68,-69.59
-74.38,6.91,-76.07
-74.38,6.91,-76.07
-74.38,6.91,-76.07
-74.38,6.91,-76.07
-76.05,6.19,-77.55
-76.05,6.19,-77.55
-74.38,6.91,-76.07
-74.38,6.91,-76.07
-74.38,6.91,-76.07
-74.38,6.91,-76.07
-74.38,6.91,-76.07
-74.38,6.91,-76.07
-74.38,6.91,-76.07
-70.64,6.02,-71.67
-68.43,6.68,-69.59
-62.73,6.38,-63.61
-68.43,6.68,-69.59
-65.69,7.48,-67.01
-65.69,7.48,-67.01
-62.73,6.38,-63.61
-57.49,6.05,-58.19
-57.49,6.05,-58.19
-57.49,6.05,-58.19
-52.43,13.09,-55.52
-52.43,13.09,-55.52
-52.43,13.09,-55.52
-52.43,13.09,-55.52
-47.9,12.24,-50.51
-47.9,12.24,-50.51
-47.9,12.24,-50.51
-46.22,18.02,-51.77
-42.59,16.86,-47.41
-42.59,16.86,-47.41
-38.23,18.02,-43.78
-38.23,18.02,-43.78
-38.23,18.02,-43.78
-38.23,18.02,-43.78
-38.23,18.02,-43.78
-38.23,18.02,-43.78
-38.23,18.02,-43.78
-38.23,18.02,-43.78
-38.23,18.02,-43.78
-38.23,18.02,-43.78
-38.23,18.02,-43.78
-42.59,16.86,-47.41
-42.59,16.86,-47.41
-42.59,16.86,-47.41
-42.59,16.86,-47.41
-41.81,19.47,-48.19
-41.81,19.47,-48.19
-41.81,19.47,-48.19
-47.9,12.24,-50.51
-47.9,12.24,-50.51
-47.9,12.24,-50.51
-47.9,12.24,-50.51
-52.43,13.09,-55.52
-48.09,14.36,-51.67
-52.43,13.09,-55.52
-52.43,13.09,-55.52
-56.05,11.97,-58.77
-57.49,6.05,-58.19
-59.5,7.07,-60.5
-57.43,13.93,-61.21
-59.5,7.07,-60.5
-62.73,6.38,-63.61
-62.73,6.38,-63.61
-60.47,5.55,-61.09
-60.47,5.55,-61.09
-56.05,11.97,-58.77
-57.43,13.93,-61.21
-65.69,7.48,-67.01
-72.28,7.82,-74.21
-74.38,6.91,-76.07
-74.38,6.91,-76.07
-70.64,6.02,-71.67
-70.64,6.02,-71.67
-68.43,6.68,-69.59
-68.43,6.68,-69.59
-68.43,6.68,-69.59
-68.43,6.68,-69.59
-68.43,6.68,-69.59
-70.64,6.02,-71.67
-70.64,6.02,-71.67
-70.64,6.02,-71.67
-68.43,6.68,-69.59
-68.43,6.68,-69.59
-68.43,6.68,-69.59
-68.43,6.68,-69.59
-68.43,6.68,-69.59
-68.43,6.68,-69.59
-68.43,6.68,-69.59
-68.43,6.68,-69.59
-68.43,6.68,-69.59
-68.43,6.68,-69.59
-68.43,6.68,-69.59
-68.43,6.68,-69.59
-68.43,6.68,-69.59
-65.69,7.48,-67.01
-65.69,7.48,-67.01
-62.73,6.38,-63.61
-56.05,11.97,-58.77
-56.05,11.97,-58.77
-52.43,13.09,-55.52
-52.43,13.09,-55.52
-47.9,12.24,-50.51
-51.67,11.31,-53.96
